day_hour,client/ip,count_of_records,no_get,no_post,no_head
2019-01-22 3,54.36.148.17,2,2,0,0
2019-01-22 4,54.36.148.33,2,0,0,2
2019-01-22 8,207.46.13.120,87,17,8,62
2019-01-22 15,54.36.149.75,5,5,0,0
2019-01-22 15,54.36.148.29,6,6,0,0
2019-01-22 19,54.36.148.33,3,0,0,3
2019-01-22 15,54.36.149.47,3,0,0,3
2019-01-23 5,54.36.149.89,8,8,0,0
2019-01-22 3,40.77.167.129,94,94,0,0
2019-01-22 5,178.253.33.53,54,0,46,8
2019-01-22 12,40.77.167.138,120,29,39,52
2019-01-22 18,66.249.66.106,167,48,48,71
2019-01-22 16,54.36.148.245,28,0,28,0
2019-01-23 6,66.249.64.93,10,0,10,0
2019-01-23 11,66.249.64.98,31,0,31,0
2019-01-23 20,5.78.198.93,13,13,0,0
2019-01-23 23,66.249.66.135,3,3,0,0
2019-01-22 17,66.249.66.208,282,105,92,85
2019-01-23 1,40.77.167.151,90,38,36,16
2019-01-23 0,91.99.72.36,203,108,64,31
2019-01-23 4,2.179.141.123,61,30,31,0
2019-01-22 20,54.36.148.249,7,0,7,0
2019-01-23 0,17.58.102.64,12,11,0,1
2019-01-22 6,89.199.193.254,3,3,0,0
2019-01-22 11,66.249.64.74,3,0,3,0
2019-01-22 19,5.78.180.91,19,0,0,19
2019-01-23 4,207.46.13.161,109,50,20,39
2019-01-22 21,54.36.149.81,31,31,0,0
2019-01-23 0,66.249.64.87,8,0,8,0
2019-01-22 22,54.36.148.37,4,0,4,0
2019-01-23 11,207.46.13.136,21,0,21,0
2019-01-23 4,54.36.148.42,25,25,0,0
2019-01-22 3,207.46.13.104,71,71,0,0
2019-01-22 16,207.46.13.117,26,1,21,4
2019-01-23 0,178.253.33.72,92,39,25,28
2019-01-23 4,46.224.77.57,13,0,13,0
2019-01-23 12,54.36.149.50,11,0,11,0
2019-01-23 11,5.112.52.286,14,12,0,2
2019-01-23 10,54.36.148.49,6,6,0,0
2019-01-23 23,31.56.96.95,10,10,0,0
2019-01-23 5,54.36.149.67,13,0,13,0
2019-01-22 10,204.18.198.255,53,30,23,0
2019-01-22 9,2.179.141.104,66,0,24,42
2019-01-22 12,54.36.148.19,1,0,1,0
2019-01-22 11,54.36.149.71,2,0,0,2
2019-01-23 0,5.78.198.73,68,31,1,36
2019-01-23 4,40.77.167.154,94,61,6,27
2019-01-23 2,89.199.193.274,2,0,2,0
2019-01-23 3,89.199.193.275,14,0,14,0
2019-01-23 5,54.36.149.43,4,4,0,0
2019-01-23 17,40.77.167.167,18,16,0,2
2019-01-23 13,5.78.180.109,3,3,0,0
2019-01-22 7,204.18.198.252,81,25,15,41
2019-01-22 10,54.36.148.25,9,0,0,9
2019-01-22 21,66.111.54.267,394,93,146,155
2019-01-22 16,34.247.132.66,15,0,0,15
2019-01-23 8,5.78.198.81,47,14,7,26
2019-01-23 7,46.224.77.60,8,0,8,0
2019-01-23 6,89.199.193.278,2,0,0,2
2019-01-22 4,2.179.141.99,40,40,0,0
2019-01-22 15,54.36.148.22,8,0,0,8
2019-01-23 17,5.211.97.77,24,3,19,2
2019-01-22 6,207.46.13.107,63,1,46,16
2019-01-22 15,2.177.12.152,204,38,95,71
2019-01-22 17,2.177.12.154,146,66,39,41
2019-01-22 21,207.46.13.154,146,48,37,61
2019-01-22 17,54.36.148.32,15,15,0,0
2019-01-22 23,51.15.15.74,5,0,5,0
2019-01-23 2,157.55.39.268,25,0,0,25
2019-01-23 2,5.211.97.62,398,31,230,137
2019-01-22 21,5.62.206.267,3,0,0,3
2019-01-22 6,173.249.54.70,42,7,18,17
2019-01-22 4,54.36.149.42,1,0,0,1
2019-01-22 5,54.36.148.34,5,0,0,5
2019-01-22 7,51.15.15.58,2,0,2,0
2019-01-22 23,204.18.198.268,97,56,31,10
2019-01-23 8,66.111.54.278,253,83,65,105
2019-01-22 7,5.78.180.79,7,0,0,7
2019-01-22 14,51.15.15.65,10,0,10,0
2019-01-23 6,34.247.132.80,21,0,21,0
2019-01-23 9,54.36.148.40,5,0,5,0
2019-01-22 3,204.18.198.248,55,55,0,0
2019-01-23 8,66.249.66.223,139,40,18,81
2019-01-23 1,207.46.13.137,72,36,12,24
2019-01-23 17,2.177.12.178,19,19,0,0
2019-01-23 18,66.249.66.233,24,0,1,23
2019-01-22 4,207.46.13.105,80,22,54,4
2019-01-22 12,5.78.198.61,73,32,32,9
2019-01-22 15,207.46.13.116,45,10,0,35
2019-01-22 16,5.112.52.267,34,0,26,8
2019-01-23 5,5.211.97.65,283,189,55,39
2019-01-22 22,34.247.132.72,7,0,0,7
2019-01-23 0,54.36.149.56,20,20,0,0
2019-01-23 10,54.36.148.48,1,0,0,1
2019-01-23 15,46.224.77.68,7,0,7,0
2019-01-22 5,5.211.97.41,277,119,101,57
2019-01-22 10,66.111.54.256,384,90,195,99
2019-01-22 11,2.177.12.148,139,34,32,73
2019-01-22 14,207.46.13.115,44,5,30,9
2019-01-22 22,54.36.149.82,2,0,0,2
2019-01-23 11,54.36.149.49,6,6,0,0
2019-01-22 4,54.36.148.18,16,16,0,0
2019-01-22 7,5.211.97.43,277,148,48,81
2019-01-22 7,54.36.148.36,21,0,21,0
2019-01-22 21,54.36.149.35,2,0,2,0
2019-01-22 17,54.36.149.55,3,3,0,0
2019-01-23 15,2.177.12.176,57,0,22,35
2019-01-23 16,5.78.198.89,4,0,4,0
2019-01-23 7,54.36.148.38,14,0,0,14
2019-01-23 12,51.15.15.87,1,1,0,0
2019-01-22 12,54.36.148.126,19,0,19,0
2019-01-22 20,2.177.12.157,180,36,127,17
2019-01-22 21,31.56.96.69,252,103,65,84
2019-01-22 20,66.249.64.83,3,0,0,3
2019-01-23 0,5.211.97.60,308,86,139,83
2019-01-23 3,40.77.167.153,51,29,4,18
2019-01-23 10,204.18.198.279,26,23,3,0
2019-01-23 12,173.249.54.100,6,2,0,4
2019-01-22 8,66.249.64.71,6,0,0,6
2019-01-22 16,46.224.77.45,8,0,8,0
2019-01-23 12,66.249.64.99,34,0,0,34
2019-01-23 10,46.224.77.63,7,7,0,0
2019-01-22 9,5.112.52.260,3,0,3,0
2019-01-22 18,66.249.66.209,195,83,34,78
2019-01-23 0,5.209.200.239,144,22,77,45
2019-01-23 6,66.249.66.221,204,36,43,125
2019-01-22 21,54.36.149.110,12,12,0,0
2019-01-23 19,40.77.167.169,22,15,0,7
2019-01-22 10,178.253.33.58,74,20,15,39
2019-01-22 15,31.56.96.63,225,59,102,64
2019-01-22 12,5.112.52.263,20,14,0,6
2019-01-22 17,51.15.15.68,25,0,0,25
2019-01-23 13,207.46.13.170,28,7,0,21
2019-01-23 1,54.36.149.114,7,0,7,0
2019-01-23 14,2.177.12.175,48,5,0,43
2019-01-23 6,54.36.149.68,3,0,0,3
2019-01-23 4,54.36.149.88,1,0,0,1
2019-01-22 4,5.209.200.219,187,27,55,105
2019-01-22 8,66.111.54.254,390,64,202,124
2019-01-22 9,66.111.54.255,410,98,181,131
2019-01-22 13,54.36.148.20,7,7,0,0
2019-01-23 14,66.111.54.284,51,25,12,14
2019-01-23 13,178.253.33.85,7,4,0,3
2019-01-23 21,66.111.54.291,7,0,0,7
2019-01-23 12,5.112.52.287,10,0,0,10
2019-01-23 11,51.15.15.86,3,0,3,0
2019-01-22 14,17.58.102.54,27,3,0,24
2019-01-22 12,2.185.221.88,1,0,1,0
2019-01-22 12,34.247.132.62,25,0,25,0
2019-01-23 22,5.78.198.95,4,0,0,4
2019-01-22 8,5.209.200.223,195,79,68,48
2019-01-22 9,178.253.33.57,37,6,4,27
2019-01-22 14,2.177.12.151,166,67,43,56
2019-01-22 14,91.99.72.26,147,72,43,32
2019-01-23 0,66.249.66.215,230,53,104,73
2019-01-23 1,54.36.148.139,8,0,0,8
2019-01-23 0,54.36.148.53,14,0,14,0
2019-01-23 3,5.209.200.242,262,92,59,111
2019-01-22 22,5.62.206.268,1,0,1,0
2019-01-22 9,207.46.13.142,97,19,0,78
2019-01-22 22,5.211.97.58,248,61,103,84
2019-01-22 19,46.224.77.48,1,0,1,0
2019-01-23 1,2.179.141.120,26,8,13,5
2019-01-23 13,5.211.97.73,127,64,8,55
2019-01-22 6,31.56.96.54,247,106,55,86
2019-01-22 8,5.78.198.57,86,47,19,20
2019-01-22 9,54.36.148.23,1,0,0,1
2019-01-22 18,204.18.198.263,66,54,7,5
2019-01-22 17,2.179.141.112,16,0,16,0
2019-01-23 0,54.36.148.138,2,2,0,0
2019-01-23 7,173.249.54.95,36,3,0,33
2019-01-23 1,34.247.132.75,22,22,0,0
2019-01-23 13,5.209.200.252,8,0,6,2
2019-01-23 16,178.253.33.88,1,1,0,0
2019-01-23 22,66.249.66.134,6,0,6,0
2019-01-22 17,66.111.54.263,460,111,127,222
2019-01-23 4,54.36.148.57,11,11,0,0
2019-01-22 7,54.36.148.121,7,0,7,0
2019-01-22 10,54.36.149.77,37,37,0,0
2019-01-22 20,178.253.33.68,106,35,44,27
2019-01-23 1,157.55.39.267,33,7,26,0
2019-01-23 2,66.249.66.114,226,78,59,89
2019-01-23 10,5.211.97.70,176,20,52,104
2019-01-22 11,31.56.96.59,227,85,49,93
2019-01-22 13,207.46.13.125,50,8,4,38
2019-01-22 16,89.199.193.264,11,0,11,0
2019-01-23 1,207.46.13.158,63,35,11,17
2019-01-23 14,5.78.198.87,23,0,20,3
2019-01-23 15,204.18.198.284,3,0,0,3
2019-01-22 5,66.111.54.251,332,123,106,103
2019-01-22 4,54.36.148.118,6,0,0,6
2019-01-22 4,54.36.149.18,10,10,0,0
2019-01-22 11,5.211.97.47,401,72,73,256
2019-01-22 7,2.185.221.83,7,0,7,0
2019-01-22 13,89.199.193.261,34,0,34,0
2019-01-23 11,40.77.167.161,39,0,20,19
2019-01-23 16,91.99.72.52,24,17,5,2
2019-01-22 6,5.78.198.55,86,3,15,68
2019-01-22 8,54.36.149.40,5,0,0,5
2019-01-23 1,207.46.13.126,30,17,13,0
2019-01-23 4,54.36.148.142,4,4,0,0
2019-01-23 2,5.112.52.277,25,4,21,0
2019-01-22 8,54.36.149.46,2,0,2,0
2019-01-22 21,5.209.200.236,252,147,52,53
2019-01-23 0,2.185.221.100,1,1,0,0
2019-01-23 4,54.36.149.117,9,0,0,9
2019-01-23 18,178.253.33.90,2,2,0,0
2019-01-23 11,46.224.77.64,2,0,0,2
2019-01-22 3,54.36.148.32,22,22,0,0
2019-01-22 5,207.46.13.117,106,4,32,70
2019-01-22 6,5.211.97.42,278,87,65,126
2019-01-22 10,5.62.206.256,17,17,0,0
2019-01-22 21,2.177.12.158,184,42,86,56
2019-01-22 17,89.199.193.265,18,18,0,0
2019-01-22 20,207.46.13.132,82,65,0,17
2019-01-22 13,54.36.149.45,22,22,0,0
2019-01-23 7,207.46.13.143,67,48,16,3
2019-01-23 15,5.78.198.88,12,12,0,0
2019-01-23 8,46.224.77.61,11,0,0,11
2019-01-22 8,31.56.96.56,153,94,16,43
2019-01-22 17,207.46.13.150,114,16,20,78
2019-01-22 22,66.249.64.85,19,0,0,19
2019-01-22 20,2.179.141.115,40,0,3,37
2019-01-22 23,66.111.54.269,342,172,89,81
2019-01-22 22,54.36.148.36,2,2,0,0
2019-01-22 22,54.36.149.54,1,0,0,1
2019-01-23 9,54.36.148.47,2,0,2,0
2019-01-23 16,54.36.149.100,10,10,0,0
2019-01-23 7,2.177.12.168,135,50,33,52
2019-01-23 5,5.209.200.244,169,50,104,15
2019-01-22 23,54.36.148.252,4,0,4,0
2019-01-23 23,5.78.198.96,5,0,5,0
2019-01-23 20,5.211.97.80,4,0,0,4
2019-01-22 5,54.36.148.119,5,5,0,0
2019-01-22 15,204.18.198.260,49,31,5,13
2019-01-22 10,54.36.148.239,19,0,0,19
2019-01-22 19,66.249.64.82,5,0,0,5
2019-01-22 21,207.46.13.122,69,22,47,0
2019-01-22 22,51.15.15.73,4,0,0,4
2019-01-23 0,157.55.39.266,29,4,10,15
2019-01-23 3,157.55.39.269,23,16,7,0
2019-01-23 2,46.224.77.55,1,1,0,0
2019-01-23 17,91.99.72.53,44,31,0,13
2019-01-22 3,207.46.13.136,165,165,0,0
2019-01-22 9,17.58.102.49,11,0,9,2
2019-01-22 13,5.62.206.259,12,12,0,0
2019-01-23 0,2.179.141.119,39,0,21,18
2019-01-22 23,54.36.148.52,5,0,5,0
2019-01-23 4,207.46.13.140,72,10,1,61
2019-01-23 19,31.56.96.91,21,8,8,5
2019-01-22 8,207.46.13.141,96,60,33,3
2019-01-22 18,2.179.141.113,28,13,12,3
2019-01-23 3,31.56.96.75,258,90,97,71
2019-01-22 13,54.36.149.80,5,0,0,5
2019-01-23 1,2.185.221.101,1,1,0,0
2019-01-23 12,54.36.148.150,10,0,0,10
2019-01-22 9,173.249.54.73,81,12,53,16
2019-01-22 18,173.249.54.82,29,11,10,8
2019-01-22 17,207.46.13.118,38,2,30,6
2019-01-23 0,31.56.96.72,284,128,130,26
2019-01-22 23,5.112.52.274,23,6,0,17
2019-01-23 3,2.185.221.103,9,9,0,0
2019-01-23 14,157.55.39.280,4,4,0,0
2019-01-22 4,66.111.54.250,295,94,141,60
2019-01-22 13,204.18.198.258,61,6,51,4
2019-01-22 17,5.78.180.89,5,5,0,0
2019-01-22 16,54.36.149.83,8,8,0,0
2019-01-23 7,66.249.64.94,6,0,6,0
2019-01-22 20,54.36.149.87,12,0,12,0
2019-01-23 0,54.36.148.31,3,0,0,3
2019-01-23 11,31.56.96.83,115,63,50,2
2019-01-22 13,66.111.54.259,476,117,158,201
2019-01-22 11,54.36.149.78,11,0,11,0
2019-01-22 23,54.36.149.83,1,1,0,0
2019-01-23 17,207.46.13.174,2,0,2,0
2019-01-23 0,54.36.148.39,1,1,0,0
2019-01-23 17,178.253.33.89,9,9,0,0
2019-01-22 8,54.36.148.37,4,0,4,0
2019-01-22 4,66.249.64.67,18,18,0,0
2019-01-22 12,91.99.72.24,190,68,55,67
2019-01-23 1,66.249.66.113,175,29,77,69
2019-01-23 4,89.199.193.276,10,0,0,10
2019-01-23 12,157.55.39.278,23,23,0,0
2019-01-22 16,54.36.149.54,24,24,0,0
2019-01-22 3,173.249.54.67,67,67,0,0
2019-01-22 3,46.224.77.32,8,8,0,0
2019-01-22 7,2.179.141.102,42,2,40,0
2019-01-22 11,178.253.33.59,70,8,45,17
2019-01-22 15,2.179.141.110,40,24,2,14
2019-01-22 19,207.46.13.120,60,13,47,0
2019-01-22 19,5.112.52.270,22,5,17,0
2019-01-22 14,34.247.132.64,1,1,0,0
2019-01-23 8,157.55.39.274,49,0,31,18
2019-01-22 16,5.62.206.262,6,0,0,6
2019-01-23 2,34.247.132.76,8,8,0,0
2019-01-23 1,54.36.149.57,15,0,15,0
2019-01-23 23,178.253.33.95,3,0,3,0
2019-01-22 10,91.99.72.22,103,38,7,58
2019-01-22 13,66.249.66.204,178,35,118,25
2019-01-22 15,173.249.54.79,45,19,18,8
2019-01-22 16,31.56.96.64,212,92,46,74
2019-01-22 15,157.55.39.257,47,0,44,3
2019-01-22 14,2.185.221.90,3,0,3,0
2019-01-22 18,54.36.148.32,12,0,0,12
2019-01-23 2,54.36.149.40,24,24,0,0
2019-01-23 7,178.253.33.79,49,42,0,7
2019-01-23 5,207.46.13.141,54,29,10,15
2019-01-22 12,46.224.77.41,8,0,0,8
2019-01-22 17,54.36.148.246,7,7,0,0
2019-01-23 1,5.78.180.97,7,0,0,7
2019-01-23 6,91.99.72.42,140,33,35,72
2019-01-23 12,204.18.198.281,32,0,2,30
2019-01-23 5,54.36.148.258,1,0,1,0
2019-01-22 4,178.253.33.52,50,7,11,32
2019-01-22 12,5.211.97.48,304,96,134,74
2019-01-22 14,204.18.198.259,61,22,29,10
2019-01-22 16,54.36.148.30,22,0,0,22
2019-01-23 1,54.36.148.54,26,0,0,26
2019-01-23 11,5.209.200.250,53,13,27,13
2019-01-23 13,173.249.54.101,41,33,0,8
2019-01-23 9,54.36.149.100,4,4,0,0
2019-01-23 11,17.58.102.75,5,5,0,0
2019-01-22 5,157.55.39.247,21,11,10,0
2019-01-22 5,5.209.200.220,163,72,33,58
2019-01-22 7,54.36.149.67,3,0,3,0
2019-01-22 14,207.46.13.147,137,102,29,6
2019-01-22 10,34.247.132.60,27,27,0,0
2019-01-22 21,91.99.72.33,101,43,16,42
2019-01-23 8,66.249.66.120,64,50,5,9
2019-01-23 8,5.209.200.247,137,69,23,45
2019-01-23 6,54.36.148.259,16,0,16,0
2019-01-22 3,5.62.206.249,18,18,0,0
2019-01-22 7,66.249.64.70,1,1,0,0
2019-01-22 13,178.253.33.61,54,0,31,23
2019-01-22 21,66.249.66.109,232,32,126,74
2019-01-23 5,66.249.66.220,231,71,36,124
2019-01-23 10,66.249.64.97,2,0,2,0
2019-01-24 0,207.46.13.181,1,1,0,0
2019-01-23 18,5.209.200.257,8,0,8,0
2019-01-22 10,173.249.54.74,68,43,0,25
2019-01-22 6,5.112.52.257,11,0,10,1
2019-01-22 13,66.249.66.101,275,107,81,87
2019-01-22 13,54.36.148.127,6,0,0,6
2019-01-22 14,5.112.52.265,9,0,9,0
2019-01-23 8,178.253.33.80,22,3,0,19
2019-01-23 10,207.46.13.135,18,0,12,6
2019-01-23 3,17.58.102.67,4,2,2,0
2019-01-23 14,66.249.66.229,99,8,49,42
2019-01-23 8,54.36.148.47,14,0,0,14
2019-01-22 13,54.36.148.242,48,0,48,0
2019-01-22 20,54.36.149.34,8,0,0,8
2019-01-23 1,66.249.66.216,176,81,36,59
2019-01-22 20,207.46.13.121,36,14,17,5
2019-01-23 5,31.56.96.77,220,104,31,85
2019-01-23 2,5.78.180.98,20,0,20,0
2019-01-23 6,54.36.149.90,60,0,60,0
2019-01-22 17,34.247.132.67,8,8,0,0
2019-01-23 10,31.56.96.82,126,10,84,32
2019-01-23 8,5.211.97.68,144,85,24,35
2019-01-23 17,66.111.54.287,29,1,4,24
2019-01-23 18,66.249.66.130,11,9,0,2
2019-01-22 6,5.78.180.78,2,0,0,2
2019-01-22 19,54.36.148.26,6,0,6,0
2019-01-23 11,91.99.72.47,127,47,76,4
2019-01-23 1,54.36.149.63,20,0,20,0
2019-01-23 9,5.78.198.82,48,20,27,1
2019-01-23 3,34.247.132.77,20,20,0,0
2019-01-23 13,54.36.149.97,6,0,0,6
2019-01-23 21,31.56.96.93,3,3,0,0
2019-01-22 5,204.18.198.250,68,32,13,23
2019-01-22 4,34.247.132.54,1,0,0,1
2019-01-23 4,31.56.96.76,216,117,6,93
2019-01-23 4,204.18.198.273,70,21,16,33
2019-01-23 1,54.36.148.254,3,0,0,3
2019-01-23 7,54.36.148.260,15,15,0,0
2019-01-24 0,66.249.66.136,12,12,0,0
2019-01-23 19,5.211.97.79,6,0,0,6
2019-01-23 12,2.179.141.131,1,0,0,1
2019-01-22 3,54.36.149.63,9,9,0,0
2019-01-22 4,40.77.167.130,117,42,12,63
2019-01-22 16,178.253.33.64,109,0,74,35
2019-01-23 6,2.177.12.167,246,82,93,71
2019-01-22 23,5.62.206.269,2,2,0,0
2019-01-23 15,66.249.66.230,72,18,34,20
2019-01-23 20,66.249.66.132,10,10,0,0
2019-01-23 16,5.211.97.76,80,14,10,56
2019-01-22 6,17.58.102.46,6,3,0,3
2019-01-22 12,54.36.148.41,9,0,0,9
2019-01-22 22,5.78.198.71,77,10,32,35
2019-01-22 18,54.36.148.25,2,0,2,0
2019-01-23 5,66.249.66.117,124,30,62,32
2019-01-22 19,54.36.148.248,11,0,11,0
2019-01-22 23,54.36.149.90,8,0,0,8
2019-01-23 6,54.36.149.97,2,0,0,2
2019-01-22 3,5.78.198.52,93,93,0,0
2019-01-22 8,5.211.97.44,263,101,98,64
2019-01-22 19,2.177.12.156,157,59,39,59
2019-01-22 12,54.36.148.241,8,0,0,8
2019-01-22 22,157.55.39.264,38,12,26,0
2019-01-23 2,66.249.66.217,207,21,55,131
2019-01-23 2,207.46.13.138,60,36,19,5
2019-01-23 12,5.78.180.108,2,2,0,0
2019-01-22 7,173.249.54.71,113,7,16,90
2019-01-22 8,178.253.33.56,41,0,5,36
2019-01-22 18,2.177.12.155,180,49,98,33
2019-01-22 21,40.77.167.147,83,21,17,45
2019-01-22 22,2.177.12.159,191,120,44,27
2019-01-23 1,173.249.54.89,97,74,0,23
2019-01-23 3,66.249.64.90,4,4,0,0
2019-01-23 4,91.99.72.40,212,36,126,50
2019-01-23 7,66.249.66.119,157,111,35,11
2019-01-23 13,40.77.167.163,54,6,11,37
2019-01-23 3,54.36.148.56,16,16,0,0
2019-01-22 9,34.247.132.59,7,0,0,7
2019-01-22 14,54.36.148.28,11,0,0,11
2019-01-22 14,89.199.193.262,7,0,7,0
2019-01-22 18,54.36.149.78,4,0,4,0
2019-01-23 2,173.249.54.90,47,20,27,0
2019-01-23 5,91.99.72.41,173,30,55,88
2019-01-22 21,5.112.52.272,10,0,10,0
2019-01-23 4,5.211.97.64,280,91,89,100
2019-01-23 11,66.249.66.123,75,33,27,15
2019-01-22 3,5.209.200.218,180,180,0,0
2019-01-22 7,66.249.66.95,246,49,113,84
2019-01-23 7,66.111.54.277,170,49,71,50
2019-01-22 4,2.185.221.80,23,0,0,23
2019-01-22 4,54.36.148.19,10,0,0,10
2019-01-22 10,66.249.66.201,247,103,63,81
2019-01-22 16,91.99.72.28,164,54,55,55
2019-01-22 16,207.46.13.128,119,40,21,58
2019-01-23 1,31.56.96.73,222,88,69,65
2019-01-23 2,2.179.141.121,10,10,0,0
2019-01-23 15,40.77.167.165,30,6,0,24
2019-01-23 19,66.249.66.234,17,0,17,0
2019-01-22 17,66.249.64.80,8,0,0,8
2019-01-23 2,51.15.15.77,7,7,0,0
2019-01-23 5,157.55.39.271,24,0,0,24
2019-01-23 2,204.18.198.271,77,38,22,17
2019-01-23 6,157.55.39.272,63,0,0,63
2019-01-23 9,178.253.33.81,82,6,13,63
2019-01-23 16,66.111.54.286,60,49,11,0
2019-01-23 9,2.179.141.128,14,8,0,6
2019-01-22 6,207.46.13.139,98,36,38,24
2019-01-22 5,5.62.206.251,2,2,0,0
2019-01-22 9,46.224.77.38,1,0,1,0
2019-01-22 14,66.111.54.260,450,150,167,133
2019-01-22 18,5.209.200.233,210,72,64,74
2019-01-22 7,54.36.149.74,6,6,0,0
2019-01-22 22,89.199.193.270,3,0,0,3
2019-01-23 7,54.36.148.145,7,7,0,0
2019-01-23 18,91.99.72.54,16,0,16,0
2019-01-23 11,54.36.148.50,6,6,0,0
2019-01-22 9,31.56.96.57,142,37,70,35
2019-01-22 12,17.58.102.52,14,9,5,0
2019-01-22 11,2.179.141.106,24,3,0,21
2019-01-22 23,5.78.180.95,13,0,0,13
2019-01-23 1,46.224.77.54,4,0,0,4
2019-01-22 23,17.58.102.63,20,15,0,5
2019-01-23 0,54.36.149.91,11,11,0,0
2019-01-23 9,204.18.198.278,30,15,4,11
2019-01-22 13,157.55.39.255,41,16,25,0
2019-01-23 5,204.18.198.274,100,54,45,1
2019-01-23 7,5.211.97.67,214,110,15,89
2019-01-23 12,66.249.66.124,51,17,11,23
2019-01-23 17,31.56.96.89,32,11,14,7
2019-01-23 18,31.56.96.90,14,0,7,7
2019-01-22 3,66.249.66.91,152,152,0,0
2019-01-22 11,204.18.198.256,91,17,22,52
2019-01-22 15,207.46.13.148,78,29,26,23
2019-01-22 11,207.46.13.112,46,14,32,0
2019-01-22 19,5.211.97.55,378,92,151,135
2019-01-22 15,91.99.72.27,181,20,76,85
2019-01-22 8,54.36.149.75,4,0,0,4
2019-01-22 13,54.36.148.27,2,0,0,2
2019-01-22 21,54.36.148.135,3,3,0,0
2019-01-22 18,54.36.149.107,3,0,3,0
2019-01-22 19,34.247.132.69,11,11,0,0
2019-01-23 10,207.46.13.146,28,23,5,0
2019-01-23 19,5.209.200.258,4,0,0,4
2019-01-22 6,204.18.198.251,55,26,27,2
2019-01-22 12,54.36.149.79,5,0,0,5
2019-01-22 18,54.36.149.50,13,0,13,0
2019-01-23 0,54.36.149.113,1,0,1,0
2019-01-23 6,2.185.221.106,14,0,14,0
2019-01-23 8,2.185.221.108,21,0,0,21
2019-01-22 4,66.249.66.195,260,113,46,101
2019-01-22 5,40.77.167.131,67,38,14,15
2019-01-22 9,2.177.12.146,164,66,53,45
2019-01-22 19,5.209.200.234,143,36,59,48
2019-01-22 23,2.177.12.160,170,64,24,82
2019-01-22 18,89.199.193.266,36,0,36,0
2019-01-24 1,207.46.13.182,33,0,33,0
2019-01-23 18,66.249.64.105,10,0,10,0
2019-01-22 5,54.36.149.43,36,0,0,36
2019-01-22 5,54.36.148.12,2,0,2,0
2019-01-22 11,66.111.54.257,393,236,52,105
2019-01-22 16,204.18.198.261,78,26,32,20
2019-01-22 14,54.36.149.52,9,0,0,9
2019-01-22 22,40.77.167.148,72,11,28,33
2019-01-23 1,5.78.198.74,67,13,45,9
2019-01-22 21,54.36.149.88,1,0,0,1
2019-01-22 23,34.247.132.73,2,0,0,2
2019-01-22 20,54.36.149.52,4,0,4,0
2019-01-23 22,207.46.13.179,2,2,0,0
2019-01-23 21,178.253.33.93,1,1,0,0
2019-01-22 9,66.249.66.200,163,56,48,59
2019-01-22 20,5.209.200.235,157,37,61,59
2019-01-23 2,66.249.64.89,1,1,0,0
2019-01-23 14,46.224.77.67,2,0,0,2
2019-01-22 18,5.112.52.269,38,0,38,0
2019-01-22 22,5.209.200.237,169,33,86,50
2019-01-23 3,66.249.66.218,234,23,89,122
2019-01-22 18,54.36.149.56,10,10,0,0
2019-01-23 7,40.77.167.157,98,29,20,49
2019-01-23 2,54.36.148.33,12,0,12,0
2019-01-22 20,34.247.132.70,2,0,0,2
2019-01-22 4,31.56.96.52,325,92,95,138
2019-01-22 7,5.112.52.258,5,0,4,1
2019-01-22 18,207.46.13.151,117,30,17,70
2019-01-22 19,157.55.39.261,23,1,8,14
2019-01-23 0,2.177.12.161,185,60,73,52
2019-01-23 1,5.211.97.61,385,154,121,110
2019-01-23 6,178.253.33.78,53,0,12,41
2019-01-23 7,5.209.200.246,255,84,90,81
2019-01-22 22,54.36.148.251,1,1,0,0
2019-01-23 13,31.56.96.85,58,13,5,40
2019-01-23 11,204.18.198.280,26,13,13,0
2019-01-22 10,5.211.97.46,271,81,148,42
2019-01-22 10,66.249.66.98,147,56,33,58
2019-01-22 5,54.36.149.94,17,17,0,0
2019-01-22 11,51.15.15.62,1,0,0,1
2019-01-22 7,5.62.206.253,5,0,0,5
2019-01-22 15,40.77.167.141,105,29,22,54
2019-01-22 14,54.36.148.243,4,0,0,4
2019-01-23 0,54.36.149.38,4,0,0,4
2019-01-23 3,51.15.15.78,9,9,0,0
2019-01-23 9,89.199.193.281,13,0,13,0
2019-01-23 9,54.36.148.262,1,0,1,0
2019-01-22 4,54.36.149.36,1,0,0,1
2019-01-22 10,2.179.141.105,20,5,9,6
2019-01-22 12,207.46.13.113,52,0,43,9
2019-01-22 18,207.46.13.130,94,10,29,55
2019-01-23 12,66.111.54.282,67,10,19,38
2019-01-23 12,5.78.198.85,74,8,5,61
2019-01-23 9,54.36.148.48,9,9,0,0
2019-01-22 17,46.224.77.46,2,0,0,2
2019-01-22 21,54.36.148.36,13,0,0,13
2019-01-23 4,5.112.52.279,31,0,12,19
2019-01-23 8,5.112.52.283,12,8,0,4
2019-01-23 7,54.36.149.98,9,0,0,9
2019-01-22 7,66.249.66.198,245,80,63,102
2019-01-22 7,54.36.148.21,4,0,0,4
2019-01-22 11,5.78.180.83,19,0,19,0
2019-01-22 10,54.36.149.48,5,0,0,5
2019-01-22 16,54.36.148.45,5,0,5,0
2019-01-22 23,54.36.149.61,29,0,0,29
2019-01-23 1,54.36.148.40,8,0,0,8
2019-01-23 11,5.78.180.107,3,0,0,3
2019-01-22 3,89.199.193.251,1,1,0,0
2019-01-22 8,54.36.148.122,23,0,0,23
2019-01-22 9,5.78.198.58,47,38,0,9
2019-01-22 14,31.56.96.62,188,89,40,59
2019-01-22 17,31.56.96.65,151,73,31,47
2019-01-23 5,207.46.13.130,20,1,9,10
2019-01-23 11,66.249.66.226,149,73,54,22
2019-01-23 12,31.56.96.84,92,48,9,35
2019-01-23 7,54.36.149.91,21,21,0,0
2019-01-22 12,157.55.39.254,37,3,2,32
2019-01-22 19,2.185.221.95,1,1,0,0
2019-01-23 15,5.211.97.75,57,4,29,24
2019-01-23 13,207.46.13.138,7,0,0,7
2019-01-22 11,66.249.66.99,190,57,34,99
2019-01-22 18,178.253.33.66,55,13,0,42
2019-01-23 1,2.177.12.162,223,74,114,35
2019-01-22 23,91.99.72.35,120,37,52,31
2019-01-23 6,31.56.96.78,242,81,77,84
2019-01-23 0,54.36.148.253,9,9,0,0
2019-01-23 10,5.209.200.249,59,16,25,18
2019-01-23 1,54.36.149.92,13,13,0,0
2019-01-23 4,54.36.148.35,16,0,16,0
2019-01-23 12,91.99.72.48,88,30,4,54
2019-01-23 8,54.36.148.39,22,22,0,0
2019-01-22 12,66.111.54.258,406,217,76,113
2019-01-22 8,5.78.180.80,2,2,0,0
2019-01-22 15,5.78.198.64,108,34,39,35
2019-01-23 15,66.249.64.102,3,3,0,0
2019-01-23 18,40.77.167.168,10,4,0,6
2019-01-23 9,5.112.52.284,11,0,0,11
2019-01-22 12,31.56.96.60,190,56,59,75
2019-01-22 13,5.211.97.49,274,96,108,70
2019-01-22 10,54.36.148.24,5,0,5,0
2019-01-22 20,54.36.148.134,11,0,0,11
2019-01-23 9,5.211.97.69,180,97,44,39
2019-01-23 21,5.78.198.94,9,9,0,0
2019-01-22 6,34.247.132.56,27,0,0,27
2019-01-23 5,66.249.64.92,2,0,2,0
2019-01-23 7,2.185.221.107,2,0,0,2
2019-01-22 18,51.15.15.69,2,0,2,0
2019-01-22 21,34.247.132.71,6,0,6,0
2019-01-22 4,54.36.149.93,23,0,23,0
2019-01-22 13,5.209.200.228,220,44,83,93
2019-01-22 7,34.247.132.57,13,0,13,0
2019-01-22 13,5.112.52.264,25,0,0,25
2019-01-22 10,89.199.193.258,1,0,0,1
2019-01-23 0,66.249.66.112,189,78,62,49
2019-01-23 1,89.199.193.273,16,16,0,0
2019-01-22 22,54.36.148.51,1,0,0,1
2019-01-23 4,54.36.148.257,24,0,0,24
2019-01-23 7,2.179.141.126,52,37,9,6
2019-01-23 9,51.15.15.84,22,0,0,22
2019-01-22 19,54.36.149.86,1,0,1,0
2019-01-23 10,40.77.167.160,65,22,28,15
2019-01-24 2,207.46.13.183,37,37,0,0
2019-01-23 11,2.179.141.130,7,0,7,0
2019-01-22 5,66.249.64.68,6,0,6,0
2019-01-22 12,54.36.148.26,9,9,0,0
2019-01-22 22,2.179.141.117,32,26,6,0
2019-01-23 13,91.99.72.49,48,2,38,8
2019-01-22 4,54.36.148.233,13,13,0,0
2019-01-22 23,66.249.66.214,280,50,140,90
2019-01-22 20,2.185.221.96,32,0,0,32
2019-01-22 23,54.36.148.38,2,0,2,0
2019-01-23 10,2.177.12.171,35,1,21,13
2019-01-23 4,54.36.148.43,7,0,0,7
2019-01-23 16,66.249.66.231,69,18,14,37
2019-01-23 17,66.249.66.232,42,11,23,8
2019-01-22 3,54.36.148.117,5,5,0,0
2019-01-22 5,54.36.149.37,4,0,4,0
2019-01-22 7,40.77.167.133,121,38,20,63
2019-01-22 7,89.199.193.255,4,4,0,0
2019-01-22 17,5.209.200.232,118,50,66,2
2019-01-22 20,157.55.39.262,17,17,0,0
2019-01-23 0,5.62.206.270,2,2,0,0
2019-01-23 10,54.36.149.48,17,17,0,0
2019-01-23 20,31.56.96.92,13,8,0,5
2019-01-22 5,5.78.198.54,64,0,27,37
2019-01-22 4,54.36.148.11,13,0,0,13
2019-01-22 9,157.55.39.251,11,3,4,4
2019-01-22 6,5.62.206.252,31,0,0,31
2019-01-22 7,54.36.149.45,19,0,19,0
2019-01-22 18,54.36.148.33,35,35,0,0
2019-01-23 2,178.253.33.74,53,21,13,19
2019-01-22 20,54.36.149.109,5,0,0,5
2019-01-23 6,54.36.148.45,10,0,10,0
2019-01-22 22,173.249.54.86,114,1,107,6
2019-01-22 21,46.224.77.50,9,9,0,0
2019-01-23 5,5.78.180.101,1,1,0,0
2019-01-23 5,17.58.102.69,30,0,19,11
2019-01-23 13,54.36.148.52,1,0,1,0
2019-01-22 9,54.36.149.23,20,0,20,0
2019-01-22 20,204.18.198.265,61,44,17,0
2019-01-22 19,54.36.149.79,4,4,0,0
2019-01-22 19,2.179.141.114,25,10,4,11
2019-01-23 3,178.253.33.75,27,9,7,11
2019-01-23 20,207.46.13.177,11,0,11,0
2019-01-23 10,17.58.102.74,5,0,5,0
2019-01-22 5,91.99.72.17,160,49,74,37
2019-01-22 14,5.78.180.86,13,0,0,13
2019-01-22 15,54.36.148.244,1,0,1,0
2019-01-23 14,54.36.148.52,2,2,0,0
2019-01-22 5,173.249.54.69,54,46,8,0
2019-01-22 5,54.36.148.234,7,7,0,0
2019-01-22 19,40.77.167.145,80,1,69,10
2019-01-23 14,40.77.167.164,37,10,5,22
2019-01-23 12,54.36.149.96,2,0,0,2
2019-01-23 18,173.249.54.106,3,0,0,3
2019-01-23 21,5.211.97.81,1,0,0,1
2019-01-23 4,54.36.149.66,7,0,0,7
2019-01-23 2,5.209.200.241,284,175,22,87
2019-01-23 4,5.78.198.77,80,17,13,50
2019-01-22 18,5.62.206.264,6,0,6,0
2019-01-23 6,46.224.77.59,10,10,0,0
2019-01-22 6,2.177.12.143,189,63,59,67
2019-01-22 8,173.249.54.72,40,15,16,9
2019-01-22 13,54.36.149.51,23,0,23,0
2019-01-22 21,173.249.54.85,28,14,6,8
2019-01-22 18,54.36.148.132,13,13,0,0
2019-01-22 17,2.185.221.93,25,0,0,25
2019-01-22 23,54.36.149.37,4,0,0,4
2019-01-23 11,66.111.54.281,133,14,75,44
2019-01-23 2,17.58.102.66,18,8,0,10
2019-01-23 12,40.77.167.162,64,50,4,10
2019-01-23 19,66.111.54.289,22,12,0,10
2019-01-23 14,54.36.149.98,6,0,0,6
2019-01-23 22,40.77.167.172,5,0,0,5
2019-01-22 3,5.78.180.75,24,24,0,0
2019-01-22 6,66.111.54.252,464,273,88,103
2019-01-22 5,34.247.132.55,9,0,9,0
2019-01-22 4,5.62.206.250,22,22,0,0
2019-01-22 11,40.77.167.137,45,4,32,9
2019-01-22 11,54.36.149.43,18,0,0,18
2019-01-22 13,54.36.148.42,4,0,0,4
2019-01-22 15,46.224.77.44,1,0,1,0
2019-01-23 3,91.99.72.39,154,79,20,55
2019-01-23 9,157.55.39.275,43,15,28,0
2019-01-22 19,54.36.149.51,11,0,0,11
2019-01-22 11,17.58.102.51,19,19,0,0
2019-01-22 14,5.78.198.63,96,47,19,30
2019-01-22 16,51.15.15.67,1,0,1,0
2019-01-22 21,2.185.221.97,10,10,0,0
2019-01-23 14,54.36.149.52,2,2,0,0
2019-01-23 15,207.46.13.140,1,0,1,0
2019-01-22 3,51.15.15.54,7,7,0,0
2019-01-22 3,2.185.221.79,2,2,0,0
2019-01-22 8,54.36.149.22,8,0,8,0
2019-01-22 11,5.209.200.226,241,86,66,89
2019-01-22 15,54.36.149.29,2,2,0,0
2019-01-22 11,54.36.149.49,14,14,0,0
2019-01-22 17,54.36.148.131,7,7,0,0
2019-01-23 6,173.249.54.94,49,10,31,8
2019-01-22 8,66.249.66.96,184,104,51,29
2019-01-22 7,46.224.77.36,8,8,0,0
2019-01-22 16,2.177.12.153,195,90,29,76
2019-01-22 12,54.36.149.44,11,11,0,0
2019-01-22 23,5.78.198.72,52,42,1,9
2019-01-23 4,2.177.12.165,205,103,69,33
2019-01-23 10,66.249.66.122,58,30,26,2
2019-01-23 23,207.46.13.180,2,0,2,0
2019-01-23 14,178.253.33.86,13,0,3,10
2019-01-23 8,54.36.149.70,16,0,0,16
2019-01-22 5,46.224.77.34,5,5,0,0
2019-01-22 8,207.46.13.109,51,7,37,7
2019-01-22 17,173.249.54.81,55,47,3,5
2019-01-22 12,5.78.180.84,4,4,0,0
2019-01-22 21,51.15.15.72,25,0,25,0
2019-01-22 21,5.78.180.93,10,0,10,0
2019-01-23 12,207.46.13.169,41,21,17,3
2019-01-23 5,51.15.15.80,28,0,28,0
2019-01-23 0,5.112.52.275,14,0,14,0
2019-01-23 15,178.253.33.87,8,0,0,8
2019-01-23 16,31.56.96.88,67,2,51,14
2019-01-23 22,31.56.96.94,1,1,0,0
2019-01-22 4,157.55.39.246,17,0,11,6
2019-01-22 11,207.46.13.123,64,13,36,15
2019-01-22 23,207.46.13.156,111,32,40,39
2019-01-22 19,91.99.72.31,188,113,31,44
2019-01-22 15,54.36.149.53,3,0,0,3
2019-01-23 2,2.177.12.163,196,107,87,2
2019-01-22 18,34.247.132.68,1,0,1,0
2019-01-23 15,5.209.200.254,11,0,11,0
2019-01-23 16,5.209.200.255,1,0,0,1
2019-01-22 12,5.62.206.258,11,0,0,11
2019-01-22 22,54.36.148.136,15,0,15,0
2019-01-23 1,54.36.149.85,2,2,0,0
2019-01-22 19,54.36.149.108,19,0,19,0
2019-01-23 4,54.36.149.42,22,22,0,0
2019-01-23 19,66.249.66.131,4,0,0,4
2019-01-23 12,54.36.148.50,2,0,0,2
2019-01-24 0,178.253.33.96,2,2,0,0
2019-01-22 15,5.211.97.51,324,88,109,127
2019-01-22 9,54.36.149.41,20,20,0,0
2019-01-22 19,66.111.54.265,381,63,110,208
2019-01-22 12,54.36.149.101,21,0,0,21
2019-01-23 0,207.46.13.157,139,5,58,76
2019-01-22 15,54.36.149.82,2,0,2,0
2019-01-23 20,66.111.54.290,2,2,0,0
2019-01-22 6,54.36.149.38,20,20,0,0
2019-01-22 5,54.36.149.19,7,0,0,7
2019-01-22 10,2.177.12.147,194,41,65,88
2019-01-22 6,54.36.149.73,18,0,0,18
2019-01-22 15,5.112.52.266,18,2,16,0
2019-01-22 18,54.36.148.47,23,23,0,0
2019-01-23 3,5.78.180.99,29,0,0,29
2019-01-23 10,66.249.66.225,93,8,38,47
2019-01-23 3,54.36.148.41,9,0,0,9
2019-01-23 11,173.249.54.99,17,0,0,17
2019-01-23 10,54.36.149.101,13,0,0,13
2019-01-23 10,54.36.148.41,5,0,5,0
2019-01-22 6,54.36.148.21,20,0,0,20
2019-01-22 8,46.224.77.37,10,0,0,10
2019-01-22 9,54.36.149.76,12,12,0,0
2019-01-22 19,54.36.148.133,6,0,6,0
2019-01-23 2,54.36.148.41,24,0,24,0
2019-01-22 23,54.36.148.37,5,0,5,0
2019-01-23 1,5.62.206.271,48,48,0,0
2019-01-23 5,2.185.221.105,22,0,22,0
2019-01-22 16,54.36.148.31,12,0,0,12
2019-01-22 20,54.36.149.80,23,0,0,23
2019-01-23 0,66.111.54.270,386,214,46,126
2019-01-23 10,54.36.148.148,13,0,13,0
2019-01-23 10,54.36.148.263,14,0,0,14
2019-01-22 3,54.36.149.92,9,9,0,0
2019-01-22 8,89.199.193.256,3,0,3,0
2019-01-22 11,91.99.72.23,143,32,72,39
2019-01-22 17,91.99.72.29,160,46,59,55
2019-01-22 15,54.36.148.129,17,17,0,0
2019-01-22 17,54.36.148.46,4,4,0,0
2019-01-22 23,5.209.200.238,279,115,137,27
2019-01-23 5,5.78.198.78,82,50,0,32
2019-01-23 9,91.99.72.45,74,17,28,29
2019-01-23 19,2.177.12.180,16,8,0,8
2019-01-22 4,91.99.72.16,139,48,58,33
2019-01-22 8,91.99.72.20,210,54,67,89
2019-01-22 17,54.36.149.77,24,24,0,0
2019-01-22 14,5.62.206.260,52,52,0,0
2019-01-23 6,66.249.66.118,121,52,54,15
2019-01-23 3,54.36.148.141,7,0,7,0
2019-01-23 2,54.36.149.58,1,0,1,0
2019-01-22 3,66.249.64.66,9,9,0,0
2019-01-22 4,66.249.66.92,236,58,103,75
2019-01-22 10,207.46.13.122,62,37,17,8
2019-01-22 13,207.46.13.146,95,16,68,11
2019-01-22 10,46.224.77.39,5,5,0,0
2019-01-22 15,17.58.102.55,4,0,4,0
2019-01-22 13,46.224.77.42,16,0,0,16
2019-01-23 8,66.249.64.95,18,0,18,0
2019-01-23 19,66.249.64.106,12,0,12,0
2019-01-22 6,2.179.141.101,15,0,1,14
2019-01-22 5,5.112.52.256,50,50,0,0
2019-01-22 11,157.55.39.253,9,1,5,3
2019-01-22 11,54.36.148.26,2,0,0,2
2019-01-22 14,54.36.149.28,12,0,0,12
2019-01-22 18,207.46.13.119,123,25,60,38
2019-01-22 17,207.46.13.129,47,38,8,1
2019-01-22 23,46.224.77.52,8,0,8,0
2019-01-23 2,54.36.148.40,11,0,0,11
2019-01-22 6,54.36.149.20,1,0,1,0
2019-01-22 9,54.36.149.69,5,0,5,0
2019-01-22 10,17.58.102.50,9,0,9,0
2019-01-22 21,54.36.149.59,21,0,21,0
2019-01-23 4,17.58.102.68,8,0,0,8
2019-01-23 2,54.36.148.55,8,0,0,8
2019-01-23 11,89.199.193.283,17,0,17,0
2019-01-22 3,17.58.102.43,10,10,0,0
2019-01-22 4,54.36.149.71,3,0,3,0
2019-01-22 10,51.15.15.61,9,0,0,9
2019-01-22 11,173.249.54.75,120,45,6,69
2019-01-23 3,5.211.97.63,297,94,95,108
2019-01-23 5,2.177.12.166,109,53,30,26
2019-01-22 4,204.18.198.249,91,37,26,28
2019-01-22 6,54.36.149.66,1,0,1,0
2019-01-22 10,66.249.64.73,2,0,2,0
2019-01-22 16,5.78.180.88,2,2,0,0
2019-01-22 19,5.78.198.68,65,12,43,10
2019-01-22 22,54.36.148.29,23,23,0,0
2019-01-23 8,40.77.167.158,79,1,37,41
2019-01-23 2,54.36.149.115,5,0,5,0
2019-01-23 12,207.46.13.137,27,27,0,0
2019-01-22 16,66.249.64.79,2,2,0,0
2019-01-23 1,66.249.64.88,5,5,0,0
2019-01-22 18,54.36.149.85,10,0,0,10
2019-01-22 21,54.36.149.53,11,0,11,0
2019-01-23 10,173.249.54.98,5,4,1,0
2019-01-23 5,34.247.132.79,2,2,0,0
2019-01-23 20,66.249.66.235,1,1,0,0
2019-01-22 3,207.46.13.115,36,36,0,0
2019-01-22 8,2.177.12.145,173,81,41,51
2019-01-22 11,207.46.13.144,93,44,16,33
2019-01-22 7,54.36.149.39,37,0,0,37
2019-01-22 11,34.247.132.61,18,0,0,18
2019-01-22 19,178.253.33.67,59,18,0,41
2019-01-23 0,54.36.149.62,8,0,0,8
2019-01-22 14,178.253.33.62,59,25,13,21
2019-01-22 20,66.249.66.211,204,97,65,42
2019-01-22 14,54.36.148.21,2,0,0,2
2019-01-23 6,204.18.198.275,116,19,84,13
2019-01-22 23,2.185.221.99,6,6,0,0
2019-01-23 14,5.209.200.253,8,8,0,0
2019-01-23 11,54.36.149.95,5,0,5,0
2019-01-22 3,5.211.97.39,266,266,0,0
2019-01-22 5,17.58.102.45,7,6,1,0
2019-01-22 10,5.78.180.82,4,0,4,0
2019-01-22 23,157.55.39.265,23,16,6,1
2019-01-23 9,66.249.66.224,178,126,28,24
2019-01-23 8,89.199.193.280,28,0,0,28
2019-01-23 21,40.77.167.171,1,0,0,1
2019-01-22 9,5.209.200.224,146,96,23,27
2019-01-22 23,31.56.96.71,193,9,96,88
2019-01-22 21,2.179.141.116,65,0,15,50
2019-01-22 23,173.249.54.87,57,43,9,5
2019-01-22 19,89.199.193.267,11,11,0,0
2019-01-23 6,54.36.148.59,15,0,15,0
2019-01-23 6,54.36.149.119,6,0,6,0
2019-01-23 20,173.249.54.108,5,5,0,0
2019-01-22 19,31.56.96.67,267,70,114,83
2019-01-22 13,207.46.13.114,51,13,32,6
2019-01-22 9,2.185.221.85,4,0,4,0
2019-01-22 10,54.36.149.42,12,0,0,12
2019-01-22 11,54.36.148.240,6,0,0,6
2019-01-22 14,46.224.77.43,7,0,7,0
2019-01-23 4,173.249.54.92,96,26,52,18
2019-01-22 19,5.62.206.265,10,10,0,0
2019-01-23 5,89.199.193.277,17,17,0,0
2019-01-23 20,40.77.167.170,10,0,0,10
2019-01-23 3,54.36.149.59,3,0,0,3
2019-01-22 7,54.36.149.21,8,0,8,0
2019-01-22 14,40.77.167.140,86,59,26,1
2019-01-22 22,66.249.66.213,182,88,49,45
2019-01-22 22,46.224.77.51,10,0,0,10
2019-01-22 15,5.62.206.261,18,0,0,18
2019-01-23 3,54.36.148.34,22,0,0,22
2019-01-23 9,207.46.13.134,24,22,2,0
2019-01-23 11,54.36.148.149,22,0,22,0
2019-01-22 16,66.249.66.207,202,69,81,52
2019-01-22 7,178.253.33.55,44,17,7,20
2019-01-22 5,54.36.148.20,11,0,0,11
2019-01-22 11,54.36.148.125,3,0,0,3
2019-01-22 17,54.36.149.31,23,23,0,0
2019-01-23 13,66.111.54.283,56,0,47,9
2019-01-23 0,54.36.148.38,1,0,1,0
2019-01-23 23,40.77.167.173,11,0,0,11
2019-01-22 6,157.55.39.248,31,18,0,13
2019-01-22 6,54.36.148.35,34,34,0,0
2019-01-22 9,5.62.206.255,8,8,0,0
2019-01-22 21,66.249.66.212,256,99,86,71
2019-01-23 7,207.46.13.132,37,26,0,11
2019-01-23 3,54.36.148.42,1,0,1,0
2019-01-23 5,2.179.141.124,47,47,0,0
2019-01-22 11,54.36.149.25,12,0,12,0
2019-01-22 12,54.36.149.50,5,5,0,0
2019-01-22 22,66.111.54.268,434,137,132,165
2019-01-22 22,5.112.52.273,12,1,11,0
2019-01-23 13,66.249.66.125,80,30,21,29
2019-01-23 8,2.179.141.127,20,13,7,0
2019-01-22 3,91.99.72.15,224,224,0,0
2019-01-22 5,89.199.193.253,31,0,31,0
2019-01-22 7,66.111.54.253,497,167,123,207
2019-01-22 17,54.36.148.31,15,15,0,0
2019-01-23 8,54.36.149.99,14,0,0,14
2019-01-23 18,5.211.97.78,12,8,2,2
2019-01-23 5,54.36.148.58,1,1,0,0
2019-01-22 6,66.249.64.69,5,5,0,0
2019-01-22 9,40.77.167.135,77,42,9,26
2019-01-22 8,54.36.148.237,5,5,0,0
2019-01-22 12,2.179.141.107,21,0,1,20
2019-01-22 17,5.78.198.66,80,64,15,1
2019-01-22 20,91.99.72.32,166,72,66,28
2019-01-22 19,54.36.149.33,3,3,0,0
2019-01-22 20,5.112.52.271,31,1,0,30
2019-01-22 17,54.36.149.84,7,7,0,0
2019-01-22 17,5.62.206.263,17,17,0,0
2019-01-23 1,54.36.148.39,2,2,0,0
2019-01-23 11,2.177.12.172,67,13,29,25
2019-01-23 23,66.111.54.293,3,3,0,0
2019-01-22 4,207.46.13.137,154,86,67,1
2019-01-22 12,54.36.149.26,1,1,0,0
2019-01-22 16,54.36.149.76,4,0,4,0
2019-01-22 19,66.249.66.107,195,67,53,75
2019-01-22 16,5.78.198.65,95,76,3,16
2019-01-23 5,178.253.33.77,48,9,18,21
2019-01-23 8,2.177.12.169,93,41,4,48
2019-01-22 22,54.36.149.111,6,0,6,0
2019-01-23 6,54.36.148.37,5,0,5,0
2019-01-23 16,40.77.167.166,11,8,2,1
2019-01-22 22,207.46.13.155,102,33,35,34
2019-01-22 15,54.36.148.44,1,1,0,0
2019-01-23 2,31.56.96.74,200,60,51,89
2019-01-23 5,207.46.13.162,119,2,23,94
2019-01-22 22,207.46.13.134,76,14,33,29
2019-01-23 5,66.111.54.275,252,95,116,41
2019-01-22 3,54.36.148.18,20,20,0,0
2019-01-22 9,66.249.66.97,163,61,33,69
2019-01-22 9,207.46.13.110,39,10,17,12
2019-01-23 1,91.99.72.37,216,85,82,49
2019-01-23 16,66.249.66.128,37,29,0,8
2019-01-23 7,54.36.149.120,6,0,0,6
2019-01-22 19,173.249.54.83,69,18,27,24
2019-01-22 18,54.36.149.32,17,0,17,0
2019-01-23 1,51.15.15.76,4,0,4,0
2019-01-22 19,54.36.148.34,10,0,10,0
2019-01-23 12,178.253.33.84,41,21,0,20
2019-01-23 9,17.58.102.73,10,10,0,0
2019-01-22 12,5.209.200.227,154,67,85,2
2019-01-22 13,2.179.141.108,22,11,0,11
2019-01-23 2,207.46.13.159,131,50,71,10
2019-01-22 14,54.36.149.103,27,0,0,27
2019-01-23 1,204.18.198.270,75,9,32,34
2019-01-23 6,40.77.167.156,119,83,3,33
2019-01-23 7,66.249.66.222,174,99,52,23
2019-01-22 3,178.253.33.51,67,67,0,0
2019-01-22 6,46.224.77.35,9,0,0,9
2019-01-22 14,54.36.149.46,23,0,23,0
2019-01-22 22,207.46.13.123,72,0,13,59
2019-01-22 22,54.36.149.89,9,9,0,0
2019-01-23 15,54.36.149.99,11,11,0,0
2019-01-22 4,5.78.198.53,56,13,14,29
2019-01-22 12,178.253.33.60,68,61,2,5
2019-01-22 8,54.36.148.22,12,0,12,0
2019-01-22 15,178.253.33.63,65,34,10,21
2019-01-22 20,51.15.15.71,5,0,0,5
2019-01-22 16,54.36.148.23,21,21,0,0
2019-01-22 15,34.247.132.65,14,14,0,0
2019-01-23 7,51.15.15.82,19,0,19,0
2019-01-23 8,54.36.148.61,15,0,0,15
2019-01-22 6,178.253.33.54,41,0,26,15
2019-01-22 7,5.209.200.222,200,96,28,76
2019-01-22 4,5.78.180.76,5,0,0,5
2019-01-22 6,54.36.149.95,21,0,21,0
2019-01-22 13,91.99.72.25,237,150,67,20
2019-01-22 21,89.199.193.269,2,0,2,0
2019-01-23 8,207.46.13.144,50,14,1,35
2019-01-23 10,5.78.180.106,9,0,0,9
2019-01-22 3,54.36.149.70,18,18,0,0
2019-01-22 9,54.36.148.123,10,0,10,0
2019-01-22 14,207.46.13.126,115,48,18,49
2019-01-23 5,40.77.167.155,84,37,15,32
2019-01-22 21,54.36.148.28,3,0,0,3
2019-01-23 0,46.224.77.53,19,19,0,0
2019-01-23 4,66.249.66.116,138,35,98,5
2019-01-23 7,204.18.198.276,78,0,21,57
2019-01-23 8,17.58.102.72,10,0,10,0
2019-01-23 18,5.78.198.91,6,6,0,0
2019-01-22 4,89.199.193.252,1,1,0,0
2019-01-22 8,66.249.66.199,240,113,68,59
2019-01-22 9,5.78.180.81,5,5,0,0
2019-01-22 16,5.209.200.231,164,62,37,65
2019-01-22 17,40.77.167.143,68,25,25,18
2019-01-22 14,2.179.141.109,12,0,11,1
2019-01-23 0,40.77.167.150,79,3,40,36
2019-01-22 21,178.253.33.69,35,11,1,23
2019-01-23 16,207.46.13.173,18,0,0,18
2019-01-23 2,54.36.149.64,19,0,0,19
2019-01-23 8,5.78.180.104,1,0,0,1
2019-01-23 3,54.36.149.65,3,3,0,0
2019-01-23 17,66.249.66.129,22,16,6,0
2019-01-23 9,54.36.149.93,2,2,0,0
2019-01-23 2,5.62.206.272,2,2,0,0
2019-01-23 22,66.111.54.292,12,12,0,0
2019-01-22 4,51.15.15.55,2,0,2,0
2019-01-22 9,5.211.97.45,376,67,121,188
2019-01-22 10,31.56.96.58,222,109,89,24
2019-01-22 13,66.249.64.76,8,8,0,0
2019-01-22 17,66.249.66.105,200,48,46,106
2019-01-23 3,54.36.149.41,21,0,21,0
2019-01-22 21,54.36.148.35,19,19,0,0
2019-01-23 3,5.112.52.278,36,36,0,0
2019-01-22 6,54.36.148.120,10,0,10,0
2019-01-22 5,54.36.148.19,12,0,0,12
2019-01-22 7,207.46.13.140,111,48,36,27
2019-01-22 8,2.179.141.103,39,4,14,21
2019-01-22 5,5.78.180.77,15,15,0,0
2019-01-22 16,54.36.148.130,8,0,0,8
2019-01-22 23,66.249.64.86,4,4,0,0
2019-01-23 19,5.78.198.92,2,2,0,0
2019-01-23 3,5.62.206.273,24,24,0,0
2019-01-22 17,17.58.102.57,83,30,53,0
2019-01-22 21,207.46.13.133,90,15,64,11
2019-01-22 23,178.253.33.71,67,0,25,42
2019-01-23 3,2.179.141.122,27,0,23,4
2019-01-22 10,5.209.200.225,172,59,79,34
2019-01-22 8,54.36.149.68,5,0,0,5
2019-01-23 8,54.36.148.146,8,8,0,0
2019-01-23 18,66.111.54.288,41,3,18,20
2019-01-23 17,173.249.54.105,8,8,0,0
2019-01-23 8,54.36.148.46,9,9,0,0
2019-01-22 17,178.253.33.65,41,13,14,14
2019-01-23 2,91.99.72.38,91,36,10,45
2019-01-22 20,54.36.148.35,1,0,1,0
2019-01-23 7,54.36.148.45,8,0,8,0
2019-01-23 11,54.36.148.49,2,0,0,2
2019-01-22 3,2.177.12.140,206,206,0,0
2019-01-22 3,2.179.141.98,15,0,15,0
2019-01-23 0,34.247.132.74,7,0,0,7
2019-01-23 10,5.78.198.83,67,5,18,44
2019-01-23 17,5.78.198.90,8,8,0,0
2019-01-23 8,54.36.148.261,4,4,0,0
2019-01-22 13,54.36.149.73,11,0,11,0
2019-01-22 11,46.224.77.40,46,46,0,0
2019-01-22 20,46.224.77.49,1,0,0,1
2019-01-23 20,178.253.33.92,12,12,0,0
2019-01-22 6,54.36.148.235,43,0,43,0
2019-01-22 6,54.36.148.20,21,0,0,21
2019-01-22 18,91.99.72.30,116,57,31,28
2019-01-23 8,91.99.72.44,83,20,8,55
2019-01-23 16,157.55.39.282,18,18,0,0
2019-01-23 12,207.46.13.148,13,0,0,13
2019-01-22 11,66.249.66.202,321,83,139,99
2019-01-22 15,66.249.64.78,11,0,0,11
2019-01-22 16,66.249.66.104,268,35,84,149
2019-01-23 4,2.185.221.104,6,6,0,0
2019-01-22 5,207.46.13.138,149,28,91,30
2019-01-22 12,51.15.15.63,8,0,8,0
2019-01-22 10,40.77.167.136,169,77,13,79
2019-01-22 9,54.36.148.38,4,0,4,0
2019-01-22 14,54.36.148.128,16,0,0,16
2019-01-22 16,2.179.141.111,21,1,5,15
2019-01-22 18,54.36.148.247,13,0,0,13
2019-01-23 3,46.224.77.56,21,21,0,0
2019-01-23 5,54.36.148.143,1,1,0,0
2019-01-23 8,54.36.149.46,3,0,3,0
2019-01-22 6,54.36.148.13,5,0,0,5
2019-01-22 7,31.56.96.55,197,55,127,15
2019-01-22 17,5.211.97.53,232,97,89,46
2019-01-22 18,157.55.39.260,10,2,7,1
2019-01-23 6,5.209.200.245,95,20,44,31
2019-01-23 16,2.177.12.177,19,12,7,0
2019-01-22 3,54.36.149.17,7,7,0,0
2019-01-22 14,5.211.97.50,304,72,153,79
2019-01-22 7,54.36.148.22,3,3,0,0
2019-01-22 18,66.249.64.81,6,0,0,6
2019-01-23 0,204.18.198.269,81,45,6,30
2019-01-23 3,5.78.198.76,74,45,14,15
2019-01-23 15,66.249.66.127,87,13,0,74
2019-01-23 12,17.58.102.76,11,0,0,11
2019-01-22 8,51.15.15.59,6,6,0,0
2019-01-22 8,204.18.198.253,62,29,7,26
2019-01-22 14,66.249.66.205,146,86,33,27
2019-01-22 14,173.249.54.78,25,2,14,9
2019-01-22 10,2.185.221.86,5,0,5,0
2019-01-22 21,157.55.39.263,15,10,0,5
2019-01-22 16,2.185.221.92,2,0,0,2
2019-01-23 3,2.177.12.164,356,129,172,55
2019-01-23 15,91.99.72.51,34,25,9,0
2019-01-23 5,54.36.148.43,7,7,0,0
2019-01-22 4,207.46.13.116,30,2,17,11
2019-01-22 10,207.46.13.143,59,14,7,38
2019-01-22 23,40.77.167.149,132,77,32,23
2019-01-23 6,51.15.15.81,5,0,0,5
2019-01-23 9,54.36.148.147,13,0,13,0
2019-01-23 11,207.46.13.147,31,26,5,0
2019-01-22 10,54.36.148.39,6,6,0,0
2019-01-22 3,34.247.132.53,12,12,0,0
2019-01-22 6,51.15.15.57,9,0,0,9
2019-01-22 17,204.18.198.262,82,35,33,14
2019-01-22 17,157.55.39.259,8,0,3,5
2019-01-22 20,207.46.13.153,105,40,38,27
2019-01-23 1,5.112.52.276,21,4,0,17
2019-01-23 8,51.15.15.83,47,47,0,0
2019-01-23 14,91.99.72.50,29,14,6,9
2019-01-23 13,157.55.39.279,22,0,10,12
2019-01-22 6,40.77.167.132,61,14,1,46
2019-01-22 9,91.99.72.21,93,34,49,10
2019-01-22 14,66.249.64.77,8,0,8,0
2019-01-22 13,34.247.132.63,30,30,0,0
2019-01-22 20,5.62.206.266,4,0,0,4
2019-01-23 8,54.36.149.121,22,22,0,0
2019-01-22 9,54.36.148.24,2,0,2,0
2019-01-22 13,17.58.102.53,4,4,0,0
2019-01-23 7,157.55.39.273,14,0,13,1
2019-01-23 15,31.56.96.87,72,0,48,24
2019-01-22 3,54.36.148.10,15,15,0,0
2019-01-22 5,66.249.66.93,142,73,27,42
2019-01-22 7,207.46.13.119,86,1,54,31
2019-01-22 14,54.36.149.74,13,0,13,0
2019-01-22 15,89.199.193.263,1,1,0,0
2019-01-23 7,207.46.13.164,69,20,6,43
2019-01-23 9,207.46.13.166,108,0,31,77
2019-01-23 10,91.99.72.46,144,42,55,47
2019-01-23 14,5.78.180.110,26,0,26,0
2019-01-23 3,207.46.13.128,42,0,30,12
2019-01-23 9,40.77.167.159,94,57,24,13
2019-01-23 14,66.249.64.101,7,0,0,7
2019-01-23 7,54.36.148.46,27,0,0,27
2019-01-23 10,51.15.15.85,12,0,0,12
2019-01-24 0,40.77.167.174,3,0,3,0
2019-01-22 15,5.209.200.230,188,55,117,16
2019-01-22 13,54.36.149.27,4,0,0,4
2019-01-23 0,173.249.54.88,51,17,18,16
2019-01-22 22,178.253.33.70,71,56,15,0
2019-01-23 8,173.249.54.96,30,8,22,0
2019-01-23 12,66.249.66.227,164,39,78,47
2019-01-23 10,2.179.141.129,23,0,18,5
2019-01-22 3,5.112.52.254,54,54,0,0
2019-01-22 9,204.18.198.254,34,0,31,3
2019-01-22 9,66.249.64.72,5,0,0,5
2019-01-22 18,40.77.167.144,142,37,44,61
2019-01-23 14,207.46.13.171,16,0,0,16
2019-01-22 21,54.36.148.250,6,0,6,0
2019-01-22 22,2.185.221.98,5,5,0,0
2019-01-23 4,54.36.149.95,11,0,0,11
2019-01-22 13,2.177.12.150,162,67,23,72
2019-01-22 8,34.247.132.58,9,9,0,0
2019-01-22 21,66.249.64.84,13,0,0,13
2019-01-22 18,46.224.77.47,17,0,0,17
2019-01-22 14,54.36.149.81,5,0,5,0
2019-01-22 16,54.36.149.48,18,0,0,18
2019-01-23 4,5.209.200.243,220,6,56,158
2019-01-23 11,5.211.97.71,150,61,29,60
2019-01-23 5,54.36.148.36,11,0,11,0
2019-01-23 12,5.209.200.251,22,10,1,11
2019-01-22 3,54.36.148.232,1,1,0,0
2019-01-22 12,66.249.66.203,134,43,39,52
2019-01-22 10,5.78.198.59,93,3,14,76
2019-01-22 13,5.78.198.62,70,12,56,2
2019-01-22 13,5.78.180.85,3,0,3,0
2019-01-22 20,5.211.97.56,302,48,118,136
2019-01-23 3,54.36.149.116,17,0,0,17
2019-01-23 9,5.78.180.105,7,7,0,0
2019-01-23 15,157.55.39.281,2,0,0,2
2019-01-22 3,157.55.39.245,13,13,0,0
2019-01-22 7,2.177.12.144,270,61,28,181
2019-01-22 12,89.199.193.260,4,0,0,4
2019-01-22 9,54.36.148.238,3,3,0,0
2019-01-22 9,54.36.149.98,16,0,0,16
2019-01-23 5,173.249.54.93,30,18,12,0
2019-01-23 9,5.209.200.248,95,56,20,19
2019-01-23 19,178.253.33.91,4,0,4,0
2019-01-22 4,5.112.52.255,21,21,0,0
2019-01-22 10,157.55.39.252,22,0,18,4
2019-01-22 11,54.36.148.40,10,0,10,0
2019-01-22 13,54.36.149.102,9,0,9,0
2019-01-23 1,66.111.54.271,400,110,163,127
2019-01-23 4,51.15.15.79,2,0,0,2
2019-01-23 2,54.36.148.140,19,19,0,0
2019-01-23 4,5.78.180.100,3,0,0,3
2019-01-22 3,54.36.149.35,11,11,0,0
2019-01-22 23,207.46.13.124,56,22,26,8
2019-01-22 22,54.36.149.60,1,0,1,0
2019-01-23 13,2.177.12.174,60,9,38,13
2019-01-23 7,89.199.193.279,1,0,0,1
2019-01-23 9,54.36.149.47,6,6,0,0
2019-01-22 4,46.224.77.33,13,13,0,0
2019-01-22 6,2.185.221.82,29,0,0,29
2019-01-22 15,51.15.15.66,32,32,0,0
2019-01-22 23,66.249.66.111,267,132,73,62
2019-01-23 11,207.46.13.168,48,0,25,23
2019-01-23 9,66.111.54.279,248,73,70,105
2019-01-22 17,54.36.149.49,19,19,0,0
2019-01-23 4,207.46.13.129,52,9,33,10
2019-01-23 9,173.249.54.97,58,29,0,29
2019-01-23 18,2.177.12.179,10,9,1,0
2019-01-23 7,34.247.132.81,2,2,0,0
2019-01-22 4,5.211.97.40,268,53,133,82
2019-01-22 9,207.46.13.121,101,85,15,1
2019-01-22 10,54.36.148.124,4,4,0,0
2019-01-22 19,207.46.13.131,32,9,21,2
2019-01-22 23,207.46.13.135,88,2,57,29
2019-01-22 23,54.36.148.30,1,0,1,0
2019-01-22 4,173.249.54.68,58,47,6,5
2019-01-22 4,54.36.149.64,14,0,0,14
2019-01-22 8,54.36.148.15,11,0,0,11
2019-01-22 12,207.46.13.124,62,3,4,55
2019-01-22 15,5.78.180.87,7,0,7,0
2019-01-23 6,207.46.13.163,86,16,18,52
2019-01-22 20,54.36.148.49,30,0,30,0
2019-01-23 9,2.177.12.170,60,18,23,19
2019-01-22 10,54.36.149.24,1,0,0,1
2019-01-22 15,66.111.54.261,504,250,171,83
2019-01-22 12,54.36.148.27,1,0,1,0
2019-01-22 17,54.36.149.106,5,0,5,0
2019-01-23 7,5.78.198.80,65,0,33,32
2019-01-23 19,91.99.72.55,22,0,22,0
2019-01-22 10,54.36.149.70,1,1,0,0
2019-01-22 19,204.18.198.264,50,33,11,6
2019-01-22 22,31.56.96.70,272,68,139,65
2019-01-23 0,51.15.15.75,2,2,0,0
2019-01-22 20,89.199.193.268,2,0,2,0
2019-01-23 2,54.36.149.93,8,0,0,8
2019-01-22 23,2.179.141.118,66,0,5,61
2019-01-23 3,66.111.54.273,441,247,140,54
2019-01-22 18,17.58.102.58,16,0,7,9
2019-01-22 6,66.249.66.94,232,101,96,35
2019-01-22 8,17.58.102.48,60,0,21,39
2019-01-22 14,157.55.39.256,29,0,27,2
2019-01-22 13,2.185.221.89,7,7,0,0
2019-01-22 11,54.36.149.100,2,0,0,2
2019-01-22 22,54.36.149.36,11,11,0,0
2019-01-22 18,2.185.221.94,15,0,0,15
2019-01-23 2,207.46.13.127,32,22,0,10
2019-01-23 9,66.249.66.121,165,63,42,60
2019-01-23 10,54.36.149.94,1,0,0,1
2019-01-23 9,54.36.149.122,1,1,0,0
2019-01-22 18,5.78.198.67,29,8,19,2
2019-01-22 20,5.78.180.92,17,17,0,0
2019-01-23 0,54.36.149.84,9,9,0,0
2019-01-23 7,91.99.72.43,130,68,25,37
2019-01-22 23,54.36.149.112,7,0,7,0
2019-01-23 21,207.46.13.178,1,1,0,0
2019-01-23 7,54.36.149.45,6,0,6,0
2019-01-23 9,46.224.77.62,23,0,0,23
2019-01-23 6,54.36.148.44,14,14,0,0
2019-01-22 9,89.199.193.257,18,0,18,0
2019-01-22 13,173.249.54.77,98,0,95,3
2019-01-22 8,5.112.52.259,27,0,20,7
2019-01-22 16,157.55.39.258,45,0,45,0
2019-01-22 17,5.112.52.268,5,4,0,1
2019-01-23 3,54.36.149.87,5,5,0,0
2019-01-23 18,207.46.13.175,24,0,23,1
2019-01-23 13,66.249.64.100,8,8,0,0
2019-01-22 7,157.55.39.249,20,13,7,0
2019-01-22 9,54.36.148.16,9,9,0,0
2019-01-22 16,54.36.149.30,7,7,0,0
2019-01-22 11,2.185.221.87,20,0,0,20
2019-01-22 21,204.18.198.266,88,0,49,39
2019-01-22 23,5.211.97.59,235,85,87,63
2019-01-22 10,54.36.149.99,1,0,0,1
2019-01-23 2,66.111.54.272,361,150,122,89
2019-01-23 1,17.58.102.65,4,0,2,2
2019-01-23 13,66.249.66.228,144,60,35,49
2019-01-22 23,54.36.149.55,31,31,0,0
2019-01-23 7,5.112.52.282,2,1,0,1
2019-01-23 13,54.36.148.151,1,0,0,1
2019-01-22 5,2.179.141.100,15,14,1,0
2019-01-23 3,207.46.13.160,90,15,31,44
2019-01-23 5,54.36.149.96,6,0,0,6
2019-01-22 12,207.46.13.145,93,29,58,6
2019-01-22 20,31.56.96.68,190,48,82,60
2019-01-23 5,46.224.77.58,9,0,9,0
2019-01-23 14,66.249.66.126,21,4,6,11
2019-01-23 14,207.46.13.139,25,25,0,0
2019-01-23 19,173.249.54.107,16,0,16,0
2019-01-22 6,54.36.149.44,6,0,6,0
2019-01-22 4,2.177.12.141,179,32,60,87
2019-01-22 8,2.185.221.84,26,0,0,26
2019-01-22 16,173.249.54.80,44,4,23,17
2019-01-22 11,5.112.52.262,25,0,5,20
2019-01-23 2,5.78.198.75,57,0,40,17
2019-01-23 0,89.199.193.272,13,0,0,13
2019-01-23 8,31.56.96.80,210,55,65,90
2019-01-23 15,66.111.54.285,33,0,27,6
2019-01-22 6,5.209.200.221,189,37,74,78
2019-01-22 20,5.78.198.69,111,97,0,14
2019-01-23 4,66.249.66.219,241,77,88,76
2019-01-23 7,31.56.96.79,135,55,50,30
2019-01-23 6,207.46.13.131,22,4,6,12
2019-01-23 6,54.36.149.44,24,0,24,0
2019-01-23 12,54.36.148.51,1,0,0,1
2019-01-22 12,66.249.64.75,4,4,0,0
2019-01-23 8,207.46.13.165,55,17,4,34
2019-01-22 20,54.36.148.34,39,0,0,39
2019-01-23 10,207.46.13.167,42,10,17,15
2019-01-22 20,54.36.149.58,2,0,2,0
2019-01-23 6,5.78.198.79,77,31,18,28
2019-01-23 9,207.46.13.145,90,65,0,25
2019-01-22 4,17.58.102.44,10,0,2,8
2019-01-22 5,54.36.149.72,54,0,0,54
2019-01-22 12,66.249.66.100,190,78,68,44
2019-01-22 17,54.36.148.24,22,0,22,0
2019-01-23 19,207.46.13.176,13,0,0,13
2019-01-23 6,2.179.141.125,11,2,9,0
2019-01-22 12,204.18.198.257,42,21,13,8
2019-01-22 8,54.36.148.23,1,0,0,1
2019-01-23 0,207.46.13.125,49,0,30,19
2019-01-23 10,66.111.54.280,112,30,26,56
2019-01-23 12,2.177.12.173,24,4,18,2
2019-01-23 13,204.18.198.282,58,0,0,58
2019-01-22 7,54.36.149.96,7,0,0,7
2019-01-23 4,66.249.64.91,8,0,8,0
2019-01-22 23,54.36.148.137,3,0,0,3
2019-01-23 7,54.36.148.60,6,0,6,0
2019-01-23 14,54.36.148.53,3,3,0,0
2019-01-23 15,54.36.148.54,2,2,0,0
2019-01-22 5,2.185.221.81,5,5,0,0
2019-01-22 13,31.56.96.61,238,62,50,126
2019-01-22 13,51.15.15.64,2,0,0,2
2019-01-22 12,54.36.149.72,2,0,2,0
2019-01-22 7,54.36.148.236,7,7,0,0
2019-01-22 10,54.36.148.17,18,0,0,18
2019-01-22 8,54.36.149.97,28,28,0,0
2019-01-22 15,54.36.148.30,3,0,0,3
2019-01-22 5,51.15.15.56,7,0,0,7
2019-01-22 22,204.18.198.267,104,104,0,0
2019-01-23 10,157.55.39.276,60,27,33,0
2019-01-23 7,17.58.102.71,22,22,0,0
2019-01-23 10,5.112.52.285,16,0,16,0
2019-01-22 7,5.78.198.56,87,55,30,2
2019-01-22 9,51.15.15.60,2,0,0,2
2019-01-23 2,54.36.149.86,3,0,0,3
2019-01-23 8,204.18.198.277,59,37,0,22
2019-01-23 12,5.211.97.72,124,27,11,86
2019-01-23 6,17.58.102.70,26,3,0,23
2019-01-23 17,5.209.200.256,25,25,0,0
2019-01-23 10,89.199.193.282,1,0,0,1
2019-01-23 13,54.36.148.51,4,4,0,0
2019-01-22 8,40.77.167.134,169,88,81,0
2019-01-22 15,66.249.66.206,263,57,146,60
2019-01-22 20,66.111.54.266,367,181,146,40
2019-01-23 14,31.56.96.86,71,10,20,41
2019-01-23 20,2.177.12.181,18,18,0,0
2019-01-23 9,2.185.221.109,5,0,0,5
2019-01-23 7,54.36.149.69,4,0,4,0
2019-01-22 3,66.111.54.249,455,455,0,0
2019-01-22 16,5.211.97.52,294,81,110,103
2019-01-22 13,54.36.148.28,33,0,0,33
2019-01-22 15,66.249.66.103,223,101,65,57
2019-01-22 16,207.46.13.149,110,40,47,23
2019-01-22 16,40.77.167.142,77,18,31,28
2019-01-22 21,5.78.198.70,79,30,20,29
2019-01-23 4,66.111.54.274,398,179,83,136
2019-01-22 15,54.36.149.104,6,0,0,6
2019-01-22 21,54.36.148.50,20,0,20,0
2019-01-22 20,17.58.102.60,24,17,7,0
2019-01-22 19,66.249.66.210,214,90,104,20
2019-01-23 3,66.249.66.115,216,31,18,167
2019-01-23 14,173.249.54.102,27,0,11,16
2019-01-23 13,54.36.149.51,13,0,13,0
2019-01-22 3,54.36.149.41,16,16,0,0
2019-01-22 20,173.249.54.84,74,43,7,24
2019-01-22 19,51.15.15.70,9,0,0,9
2019-01-23 4,157.55.39.270,43,17,12,14
2019-01-22 16,54.36.149.105,9,0,9,0
2019-01-23 8,207.46.13.133,49,1,48,0
2019-01-23 2,2.185.221.102,6,0,6,0
2019-01-22 14,66.249.66.102,178,79,84,15
2019-01-22 15,207.46.13.127,108,19,75,14
2019-01-22 20,40.77.167.146,79,38,39,2
2019-01-23 14,204.18.198.283,6,0,0,6
2019-01-22 5,207.46.13.106,30,5,4,21
2019-01-22 10,5.112.52.261,13,0,6,7
2019-01-22 21,5.211.97.57,273,96,107,70
2019-01-23 2,40.77.167.152,105,56,32,17
2019-01-22 22,5.78.180.94,7,0,7,0
2019-01-22 22,17.58.102.62,20,10,10,0
2019-01-23 14,5.211.97.74,61,5,10,46
2019-01-23 16,66.249.64.103,12,0,12,0
2019-01-23 21,66.249.66.133,5,0,5,0
2019-01-22 11,54.36.148.25,17,0,0,17
2019-01-22 19,17.58.102.59,44,0,0,44
2019-01-23 0,207.46.13.136,73,38,7,28
2019-01-23 15,207.46.13.172,20,8,0,12
2019-01-23 4,178.253.33.76,52,21,22,9
2019-01-23 11,178.253.33.83,51,0,20,31
2019-01-23 11,5.78.198.84,50,13,35,2
2019-01-23 7,5.78.180.103,17,17,0,0
2019-01-23 11,157.55.39.277,27,0,25,2
2019-01-23 15,173.249.54.103,12,3,0,9
2019-01-23 22,178.253.33.94,1,1,0,0
2019-01-22 6,207.46.13.118,79,31,29,19
2019-01-22 9,54.36.149.47,7,7,0,0
2019-01-22 18,66.111.54.264,362,176,120,66
2019-01-23 9,66.249.64.96,2,0,0,2
2019-01-23 10,178.253.33.82,40,14,25,1
2019-01-22 6,91.99.72.18,183,63,69,51
2019-01-22 10,207.46.13.111,60,30,21,9
2019-01-22 8,5.62.206.254,11,0,11,0
2019-01-22 18,31.56.96.66,211,50,73,88
2019-01-22 14,54.36.148.43,9,9,0,0
2019-01-22 19,54.36.148.48,3,3,0,0
2019-01-23 6,66.111.54.276,293,186,76,31
2019-01-23 0,5.78.180.96,4,0,4,0
2019-01-22 21,17.58.102.61,21,20,0,1
2019-01-23 6,207.46.13.142,77,10,0,67
2019-01-22 8,157.55.39.250,23,0,17,6
2019-01-22 18,5.78.180.90,7,0,7,0
2019-01-22 22,66.249.66.110,197,60,33,104
2019-01-22 23,89.199.193.271,4,0,0,4
2019-01-23 6,5.78.180.102,12,0,12,0
2019-01-23 3,54.36.149.94,7,0,0,7
2019-01-23 13,46.224.77.66,3,0,0,3
2019-01-24 0,66.111.54.294,2,0,0,2
2019-01-22 3,66.249.66.194,277,277,0,0
2019-01-22 13,40.77.167.139,103,32,40,31
2019-01-23 1,178.253.33.73,64,17,2,45
2019-01-22 20,54.36.148.27,5,0,0,5
2019-01-23 17,66.249.64.104,5,0,5,0
2019-01-22 5,2.177.12.142,197,81,81,35
2019-01-22 6,66.249.66.197,242,71,37,134
2019-01-22 7,207.46.13.108,102,14,0,88
2019-01-22 15,2.185.221.91,19,0,19,0
2019-01-23 9,31.56.96.81,221,54,126,41
2019-01-23 3,207.46.13.139,37,0,10,27
2019-01-23 8,54.36.149.92,4,0,4,0
2019-01-22 7,91.99.72.19,153,46,90,17
2019-01-22 7,54.36.148.14,10,10,0,0
2019-01-22 12,173.249.54.76,39,11,18,10
2019-01-22 16,66.111.54.262,330,95,104,131
2019-01-22 20,66.249.66.108,205,43,88,74
2019-01-23 1,54.36.149.39,3,0,3,0
2019-01-23 13,5.78.198.86,41,4,36,1
2019-01-23 5,54.36.149.118,7,7,0,0
2019-01-22 11,5.78.198.60,142,115,9,18
2019-01-22 11,54.36.148.18,33,0,0,33
2019-01-22 16,17.58.102.56,55,43,0,12
2019-01-22 14,54.36.148.29,5,0,0,5
2019-01-22 22,91.99.72.34,114,32,45,37
2019-01-23 5,54.36.148.44,2,0,0,2
2019-01-23 2,54.36.148.255,3,0,3,0
2019-01-23 5,5.112.52.280,10,0,0,10
2019-01-23 12,46.224.77.65,1,0,0,1
2019-01-22 5,66.249.66.196,263,93,12,158
2019-01-22 5,54.36.149.65,14,0,0,14
2019-01-22 12,2.177.12.149,185,21,43,121
2019-01-23 3,173.249.54.91,44,0,27,17
2019-01-23 6,54.36.148.144,22,0,0,22
2019-01-23 3,54.36.148.256,2,2,0,0
2019-01-23 4,34.247.132.78,7,0,7,0
2019-01-23 16,173.249.54.104,6,0,4,2
2019-01-22 5,31.56.96.53,199,78,53,68
2019-01-22 7,17.58.102.47,39,22,0,17
2019-01-22 14,5.209.200.229,235,53,72,110
2019-01-22 11,89.199.193.259,5,0,5,0
2019-01-22 18,5.211.97.54,265,33,124,108
2019-01-22 11,5.62.206.257,2,2,0,0
2019-01-22 19,54.36.149.57,5,0,5,0
2019-01-23 3,204.18.198.272,72,22,20,30
2019-01-22 3,31.56.96.51,144,144,0,0
2019-01-22 19,207.46.13.152,136,52,47,37
2019-01-23 1,5.209.200.240,190,28,46,116
2019-01-23 6,5.211.97.66,265,22,75,168
2019-01-23 1,54.36.148.32,2,2,0,0
2019-01-23 6,5.112.52.281,10,4,6,0
