date,client/ip,Hour,row_id,no_get,no_post,no_head
2019-01-22,54.36.149.47,9,7,7,0,0
2019-01-22,207.46.13.119,18,123,25,60,38
2019-01-23,157.55.39.267,1,33,7,26,0
2019-01-22,89.199.193.267,19,11,11,0,0
2019-01-23,5.78.198.79,6,150,83,32,35
2019-01-23,5.112.52.277,2,25,4,21,0
2019-01-23,66.249.64.102,15,3,3,0,0
2019-01-23,173.249.54.106,18,3,0,0,3
2019-01-22,31.56.96.53,5,199,78,53,68
2019-01-22,91.99.72.19,7,153,46,90,17
2019-01-22,46.224.77.52,23,8,0,8,0
2019-01-23,207.46.13.142,6,77,10,0,67
2019-01-23,54.36.149.67,5,13,0,13,0
2019-01-23,34.247.132.78,4,7,0,7,0
2019-01-23,54.36.149.57,1,15,0,15,0
2019-01-23,54.36.148.52,13,1,0,1,0
2019-01-22,66.249.66.196,5,281,93,30,158
2019-01-22,34.247.132.57,7,13,0,13,0
2019-01-22,5.78.198.64,15,215,44,117,54
2019-01-23,31.56.96.81,9,221,54,126,41
2019-01-23,17.58.102.70,6,29,3,3,23
2019-01-23,54.36.148.43,5,7,7,0,0
2019-01-22,5.211.97.52,16,345,132,110,103
2019-01-22,54.36.149.53,15,3,0,0,3
2019-01-22,54.36.148.245,16,28,0,28,0
2019-01-22,2.185.221.97,21,10,10,0,0
2019-01-23,5.78.198.81,8,71,23,7,41
2019-01-23,54.36.148.56,3,16,16,0,0
2019-01-23,5.78.180.105,9,7,7,0,0
2019-01-23,5.209.200.254,15,16,5,11,0
2019-01-22,5.209.200.218,3,214,214,0,0
2019-01-22,54.36.148.19,12,1,0,1,0
2019-01-23,5.209.200.243,4,226,11,56,159
2019-01-23,54.36.149.113,0,1,0,1,0
2019-01-23,66.249.66.126,14,21,4,6,11
2019-01-23,54.36.148.262,9,1,0,1,0
2019-01-23,31.56.96.94,22,1,1,0,0
2019-01-22,5.209.200.222,7,211,102,32,77
2019-01-22,2.177.12.154,17,146,66,39,41
2019-01-22,54.36.148.137,23,3,0,0,3
2019-01-23,54.36.149.63,1,20,0,20,0
2019-01-22,54.36.149.53,21,11,0,11,0
2019-01-23,54.36.148.38,7,14,0,0,14
2019-01-22,2.179.141.98,3,35,20,15,0
2019-01-22,5.78.180.79,7,7,0,0,7
2019-01-22,66.249.64.77,14,8,0,8,0
2019-01-22,54.36.148.25,11,17,0,0,17
2019-01-22,66.249.64.81,18,6,0,0,6
2019-01-22,54.36.149.32,18,17,0,17,0
2019-01-23,207.46.13.164,7,69,20,6,43
2019-01-23,178.253.33.72,0,92,39,25,28
2019-01-23,54.36.148.144,6,22,0,0,22
2019-01-23,54.36.149.115,2,5,0,5,0
2019-01-23,2.185.221.108,8,21,0,0,21
2019-01-22,54.36.148.161,3,1,1,0,0
2019-01-22,5.211.97.40,4,287,54,142,91
2019-01-22,54.36.148.24,10,5,0,5,0
2019-01-22,91.99.72.31,19,188,113,31,44
2019-01-22,54.36.148.32,18,12,0,0,12
2019-01-23,91.99.72.37,1,216,85,82,49
2019-01-23,66.249.64.97,10,2,0,2,0
2019-01-23,54.36.148.31,0,3,0,0,3
2019-01-23,207.46.13.177,20,11,0,11,0
2019-01-22,54.36.149.34,20,8,0,0,8
2019-01-23,173.249.54.91,3,44,0,27,17
2019-01-22,54.36.149.87,20,12,0,12,0
2019-01-23,54.36.148.257,4,24,0,0,24
2019-01-22,207.46.13.137,4,154,86,67,1
2019-01-22,207.46.13.124,12,62,3,4,55
2019-01-22,5.160.157.27,10,15,1,14,0
2019-01-22,46.224.77.41,12,8,0,0,8
2019-01-22,54.36.148.23,16,21,21,0,0
2019-01-22,46.224.77.45,16,8,0,8,0
2019-01-22,5.78.198.72,23,149,65,58,26
2019-01-23,66.249.66.114,2,226,78,59,89
2019-01-23,54.36.148.44,5,2,0,0,2
2019-01-23,5.78.180.103,7,17,17,0,0
2019-01-23,34.247.132.76,2,8,8,0,0
2019-01-23,54.36.148.197,15,14,14,0,0
2019-01-23,54.36.148.263,10,14,0,0,14
2019-01-23,54.36.148.113,5,12,0,0,12
2019-01-22,2.177.12.146,9,164,66,53,45
2019-01-22,89.199.193.265,17,18,18,0,0
2019-01-22,54.36.148.24,17,22,0,22,0
2019-01-23,207.46.13.169,12,41,21,17,3
2019-01-23,54.36.149.90,6,60,0,60,0
2019-01-22,5.160.157.36,19,5,0,5,0
2019-01-23,2.179.141.130,11,39,0,22,17
2019-01-23,5.112.52.285,10,16,0,16,0
2019-01-23,5.211.97.77,17,34,3,28,3
2019-01-22,5.78.198.54,5,117,32,42,43
2019-01-22,31.56.96.54,6,247,106,55,86
2019-01-22,2.177.12.147,10,194,41,65,88
2019-01-22,207.46.13.147,14,137,102,29,6
2019-01-22,34.247.132.64,14,1,1,0,0
2019-01-23,5.112.52.276,1,21,4,0,17
2019-01-23,5.78.198.89,16,15,10,5,0
2019-01-23,207.46.13.146,10,28,23,5,0
2019-01-22,54.36.149.71,4,3,0,3,0
2019-01-22,66.249.66.97,9,163,61,33,69
2019-01-22,5.62.206.252,6,31,0,0,31
2019-01-22,54.36.148.23,8,1,0,0,1
2019-01-23,5.211.97.62,2,419,31,245,143
2019-01-23,66.249.64.93,6,10,0,10,0
2019-01-23,51.15.15.77,2,7,7,0,0
2019-01-23,54.36.148.110,2,33,0,0,33
2019-01-23,66.249.64.104,17,5,0,5,0
2019-01-23,54.36.148.60,7,6,0,6,0
2019-01-22,89.199.193.252,4,1,1,0,0
2019-01-22,173.249.54.73,9,81,12,53,16
2019-01-22,172.20.2.186,15,7,0,7,0
2019-01-22,104.194.24.51,21,39,0,39,0
2019-01-22,51.15.15.73,22,4,0,0,4
2019-01-22,54.36.148.249,20,7,0,7,0
2019-01-22,2.179.141.110,15,60,34,2,24
2019-01-22,204.18.198.263,18,66,54,7,5
2019-01-22,54.36.149.75,8,4,0,0,4
2019-01-22,66.249.66.213,22,196,88,49,59
2019-01-22,17.58.102.63,23,38,15,0,23
2019-01-22,89.199.193.271,23,4,0,0,4
2019-01-22,5.160.157.39,22,26,0,2,24
2019-01-23,54.36.148.46,8,9,9,0,0
2019-01-23,54.36.148.47,9,2,0,2,0
2019-01-22,178.253.33.55,7,44,17,7,20
2019-01-22,178.253.33.61,13,54,0,31,23
2019-01-22,54.36.148.130,16,8,0,0,8
2019-01-22,207.46.13.123,22,72,0,13,59
2019-01-23,54.36.149.84,0,9,9,0,0
2019-01-22,54.36.149.50,18,13,0,13,0
2019-01-23,66.249.66.121,9,165,63,42,60
2019-01-23,54.36.148.193,11,8,8,0,0
2019-01-22,2.185.221.84,8,26,0,0,26
2019-01-22,66.249.64.82,19,5,0,0,5
2019-01-22,54.36.148.179,21,3,0,0,3
2019-01-23,54.36.148.183,1,26,0,26,0
2019-01-23,5.211.97.74,14,92,36,10,46
2019-01-22,54.36.148.14,7,10,10,0,0
2019-01-22,207.46.13.115,14,44,5,30,9
2019-01-22,104.194.24.49,19,11,0,0,11
2019-01-22,46.224.77.44,15,1,0,1,0
2019-01-22,2.185.221.94,18,15,0,0,15
2019-01-22,54.36.148.252,23,4,0,4,0
2019-01-23,54.36.148.256,3,2,2,0,0
2019-01-23,204.18.198.281,12,32,0,2,30
2019-01-23,66.249.66.233,18,31,7,1,23
2019-01-22,51.15.15.62,11,1,0,0,1
2019-01-22,54.36.149.40,8,5,0,0,5
2019-01-23,207.46.13.161,4,109,50,20,39
2019-01-23,207.46.13.126,1,30,17,13,0
2019-01-23,5.211.97.70,10,252,20,82,150
2019-01-22,5.62.206.264,18,6,0,6,0
2019-01-23,5.209.200.249,10,89,19,52,18
2019-01-23,54.36.149.50,12,11,0,11,0
2019-01-22,173.249.54.68,4,58,47,6,5
2019-01-22,5.160.157.24,7,22,0,4,18
2019-01-22,54.36.148.13,6,5,0,0,5
2019-01-22,66.249.66.212,21,267,110,86,71
2019-01-22,51.15.15.72,21,25,0,25,0
2019-01-23,31.56.96.77,5,220,104,31,85
2019-01-22,173.249.54.71,7,113,7,16,90
2019-01-22,104.194.24.36,6,7,7,0,0
2019-01-22,54.36.149.31,17,23,23,0,0
2019-01-22,54.36.149.36,22,11,11,0,0
2019-01-22,54.36.148.104,20,14,0,0,14
2019-01-23,89.199.193.274,2,2,0,2,0
2019-01-23,54.36.148.36,5,11,0,11,0
2019-01-23,178.253.33.87,15,8,0,0,8
2019-01-23,5.211.97.81,21,1,0,0,1
2019-01-22,91.99.72.16,4,139,48,58,33
2019-01-22,40.77.167.131,5,67,38,14,15
2019-01-22,5.211.97.47,11,423,78,85,260
2019-01-22,66.249.66.205,14,183,86,49,48
2019-01-22,2.177.12.149,12,185,21,43,121
2019-01-22,54.36.148.30,15,3,0,0,3
2019-01-23,204.18.198.271,2,77,38,22,17
2019-01-23,89.199.193.277,5,17,17,0,0
2019-01-23,178.253.33.91,19,4,0,4,0
2019-01-23,66.249.66.135,23,3,3,0,0
2019-01-23,54.36.148.50,12,2,0,0,2
2019-01-22,91.99.72.22,10,103,38,7,58
2019-01-22,204.18.198.257,12,42,21,13,8
2019-01-22,157.55.39.257,15,47,0,44,3
2019-01-22,66.249.64.85,22,19,0,0,19
2019-01-23,178.253.33.73,1,64,17,2,45
2019-01-23,178.253.33.74,2,53,21,13,19
2019-01-22,207.46.13.116,15,45,10,0,35
2019-01-22,5.78.180.91,19,19,0,0,19
2019-01-22,207.46.13.124,23,56,22,26,8
2019-01-23,2.177.12.166,5,109,53,30,26
2019-01-23,178.253.33.86,14,13,0,3,10
2019-01-23,104.194.24.70,16,7,0,7,0
2019-01-22,5.209.200.232,17,174,84,66,24
2019-01-22,207.46.13.154,21,146,48,37,61
2019-01-22,2.179.141.117,22,48,35,7,6
2019-01-22,17.58.102.61,21,25,24,0,1
2019-01-22,54.36.149.47,15,3,0,0,3
2019-01-23,104.194.24.55,1,7,0,7,0
2019-01-23,173.249.54.99,11,17,0,0,17
2019-01-23,207.46.13.148,12,13,0,0,13
2019-01-23,204.18.198.284,15,3,0,0,3
2019-01-22,54.36.148.32,3,22,22,0,0
2019-01-22,54.36.149.37,5,4,0,4,0
2019-01-22,66.249.66.200,9,176,69,48,59
2019-01-22,54.36.148.165,7,24,24,0,0
2019-01-22,172.20.2.180,9,14,0,0,14
2019-01-22,5.211.97.49,13,309,111,128,70
2019-01-22,5.112.52.262,11,25,0,5,20
2019-01-22,173.249.54.85,21,28,14,6,8
2019-01-23,54.36.149.100,16,10,10,0,0
2019-01-22,66.111.54.251,5,344,135,106,103
2019-01-22,66.249.64.67,4,18,18,0,0
2019-01-22,51.15.15.58,7,2,0,2,0
2019-01-22,2.185.221.93,17,25,0,0,25
2019-01-23,5.78.180.101,5,1,1,0,0
2019-01-23,66.111.54.287,17,29,1,4,24
2019-01-23,54.36.148.199,17,10,10,0,0
2019-01-23,5.211.97.79,19,6,0,0,6
2019-01-22,66.249.66.198,7,259,80,65,114
2019-01-22,5.209.200.227,12,160,70,88,2
2019-01-22,54.36.148.31,17,15,15,0,0
2019-01-22,66.249.66.95,7,246,49,113,84
2019-01-22,2.179.141.101,6,66,13,25,28
2019-01-22,54.36.148.120,6,10,0,10,0
2019-01-23,157.55.39.270,4,43,17,12,14
2019-01-22,54.36.149.90,23,8,0,0,8
2019-01-23,5.78.198.83,10,74,10,19,45
2019-01-23,2.185.221.100,0,1,1,0,0
2019-01-22,54.36.149.52,20,4,0,4,0
2019-01-23,54.36.148.148,10,13,0,13,0
2019-01-22,2.185.221.98,22,5,5,0,0
2019-01-23,178.253.33.82,10,40,14,25,1
2019-01-23,173.249.54.104,16,6,0,4,2
2019-01-23,54.36.148.61,8,15,0,0,15
2019-01-23,5.160.157.46,5,9,9,0,0
2019-01-22,5.209.200.225,10,184,69,81,34
2019-01-22,54.36.149.69,9,5,0,5,0
2019-01-22,54.36.148.36,7,21,0,21,0
2019-01-22,2.185.221.86,10,5,0,5,0
2019-01-22,157.55.39.263,21,15,10,0,5
2019-01-22,5.160.157.33,16,51,0,51,0
2019-01-23,17.58.102.72,8,14,0,14,0
2019-01-23,40.77.167.165,15,30,6,0,24
2019-01-23,5.112.52.284,9,11,0,0,11
2019-01-23,51.15.15.85,10,12,0,0,12
2019-01-22,54.36.149.35,3,11,11,0,0
2019-01-22,17.58.102.51,11,29,29,0,0
2019-01-22,91.99.72.26,14,147,72,43,32
2019-01-23,54.36.148.50,11,6,6,0,0
2019-01-22,204.18.198.249,4,91,37,26,28
2019-01-22,207.46.13.139,6,98,36,38,24
2019-01-22,5.62.206.256,10,17,17,0,0
2019-01-22,54.36.148.31,16,12,0,0,12
2019-01-23,2.177.12.163,2,196,107,87,2
2019-01-23,66.111.54.271,1,403,110,166,127
2019-01-22,5.78.180.95,23,13,0,0,13
2019-01-22,54.36.149.109,20,5,0,0,5
2019-01-23,207.46.13.176,19,13,0,0,13
2019-01-23,5.78.198.95,22,6,0,2,4
2019-01-22,5.211.97.42,6,330,121,83,126
2019-01-22,66.111.54.252,6,465,273,88,104
2019-01-22,207.46.13.146,13,95,16,68,11
2019-01-22,207.46.13.123,11,64,13,36,15
2019-01-23,157.55.39.266,0,29,4,10,15
2019-01-22,54.36.149.60,22,1,0,1,0
2019-01-22,54.36.148.37,23,5,0,5,0
2019-01-23,2.179.141.133,14,8,0,0,8
2019-01-23,46.224.77.64,11,2,0,0,2
2019-01-22,5.160.157.20,3,16,16,0,0
2019-01-22,54.36.148.93,9,21,0,0,21
2019-01-22,2.177.12.155,18,180,49,98,33
2019-01-23,2.177.12.164,3,356,129,172,55
2019-01-23,91.99.72.36,0,203,108,64,31
2019-01-22,207.46.13.134,22,76,14,33,29
2019-01-23,40.77.167.159,9,94,57,24,13
2019-01-23,54.36.149.91,7,21,21,0,0
2019-01-23,54.36.149.121,8,22,22,0,0
2019-01-23,66.249.66.235,20,1,1,0,0
2019-01-22,54.36.148.87,3,13,13,0,0
2019-01-22,46.224.77.32,3,8,8,0,0
2019-01-22,207.46.13.141,8,96,60,33,3
2019-01-22,54.36.148.35,6,34,34,0,0
2019-01-22,46.224.77.36,7,8,8,0,0
2019-01-23,66.249.64.88,1,5,5,0,0
2019-01-23,207.46.13.166,9,108,0,31,77
2019-01-22,54.36.149.49,17,19,19,0,0
2019-01-23,207.46.13.137,1,72,36,12,24
2019-01-23,54.36.148.45,6,10,0,10,0
2019-01-23,157.55.39.276,10,60,27,33,0
2019-01-23,178.253.33.93,21,1,1,0,0
2019-01-23,54.36.148.51,12,1,0,0,1
2019-01-22,17.58.102.43,3,12,12,0,0
2019-01-22,66.111.54.250,4,305,104,141,60
2019-01-22,5.211.97.46,10,299,87,148,64
2019-01-22,54.36.148.12,5,2,0,2,0
2019-01-22,31.56.96.60,12,190,56,59,75
2019-01-22,54.36.149.70,10,1,1,0,0
2019-01-22,54.36.149.83,23,1,1,0,0
2019-01-22,54.36.149.107,18,3,0,3,0
2019-01-23,54.36.149.44,6,24,0,24,0
2019-01-23,54.36.148.198,16,21,0,21,0
2019-01-22,2.177.12.141,4,179,32,60,87
2019-01-22,2.185.221.80,4,23,0,0,23
2019-01-22,157.55.39.247,5,21,11,10,0
2019-01-22,46.224.77.33,4,13,13,0,0
2019-01-22,5.62.206.254,8,11,0,11,0
2019-01-22,34.247.132.61,11,18,0,0,18
2019-01-22,207.46.13.130,18,94,10,29,55
2019-01-23,51.15.15.82,7,19,0,19,0
2019-01-23,5.78.180.100,4,3,0,0,3
2019-01-22,54.36.148.10,3,15,15,0,0
2019-01-22,54.36.149.78,18,4,0,4,0
2019-01-22,178.253.33.67,19,59,18,0,41
2019-01-23,66.249.64.87,0,8,0,8,0
2019-01-22,54.36.148.133,19,6,0,6,0
2019-01-23,31.56.96.79,7,135,55,50,30
2019-01-23,2.179.141.128,9,34,13,10,11
2019-01-23,2.177.12.172,11,67,13,29,25
2019-01-22,54.36.149.112,23,7,0,7,0
2019-01-23,207.46.13.135,10,18,0,12,6
2019-01-22,5.62.206.267,21,3,0,0,3
2019-01-23,40.77.167.169,19,22,15,0,7
2019-01-23,157.55.39.280,14,4,4,0,0
2019-01-22,54.36.149.65,5,14,0,0,14
2019-01-22,31.56.96.65,17,151,73,31,47
2019-01-22,54.36.148.20,13,7,7,0,0
2019-01-22,54.36.148.178,20,7,7,0,0
2019-01-22,54.36.149.101,12,21,0,0,21
2019-01-23,40.77.167.153,3,51,29,4,18
2019-01-23,66.249.66.127,15,87,13,0,74
2019-01-22,207.46.13.144,11,93,44,16,33
2019-01-22,5.211.97.51,15,355,97,109,149
2019-01-22,2.185.221.85,9,4,0,4,0
2019-01-22,2.185.221.87,11,20,0,0,20
2019-01-23,34.247.132.77,3,20,20,0,0
2019-01-23,5.78.198.91,18,21,10,0,11
2019-01-23,66.249.66.131,19,4,0,0,4
2019-01-23,46.224.77.66,13,3,0,0,3
2019-01-22,172.20.2.182,11,2,0,0,2
2019-01-22,178.253.33.63,15,65,34,10,21
2019-01-23,66.249.64.90,3,4,4,0,0
2019-01-22,104.194.24.52,22,28,0,0,28
2019-01-23,66.249.66.221,6,219,43,43,133
2019-01-22,54.36.148.105,21,11,0,0,11
2019-01-22,34.247.132.68,18,1,0,1,0
2019-01-23,5.78.180.102,6,12,0,12,0
2019-01-23,54.36.149.94,3,7,0,0,7
2019-01-22,66.249.66.201,10,269,114,74,81
2019-01-22,207.46.13.145,12,93,29,58,6
2019-01-22,5.160.157.28,11,42,0,41,1
2019-01-22,5.112.52.272,21,10,0,10,0
2019-01-22,54.36.148.37,22,4,0,4,0
2019-01-23,178.253.33.78,6,53,0,12,41
2019-01-22,5.62.206.269,23,2,2,0,0
2019-01-23,204.18.198.282,13,58,0,0,58
2019-01-22,54.36.149.70,3,18,18,0,0
2019-01-22,51.15.15.63,12,8,0,8,0
2019-01-22,5.112.52.264,13,25,0,0,25
2019-01-22,207.46.13.155,22,102,33,35,34
2019-01-23,17.58.102.66,2,19,8,0,11
2019-01-23,204.18.198.276,7,78,0,21,57
2019-01-22,5.211.97.48,12,336,105,157,74
2019-01-22,207.46.13.128,16,119,40,21,58
2019-01-22,40.77.167.149,23,132,77,32,23
2019-01-22,54.36.149.81,14,5,0,5,0
2019-01-22,54.36.148.35,20,1,0,1,0
2019-01-24,178.253.33.96,0,2,2,0,0
2019-01-22,54.36.148.117,3,5,5,0,0
2019-01-22,207.46.13.107,6,63,1,46,16
2019-01-22,54.36.148.34,5,5,0,0,5
2019-01-22,5.78.180.82,10,4,0,4,0
2019-01-22,54.36.149.28,14,12,0,0,12
2019-01-22,66.249.66.110,22,197,60,33,104
2019-01-23,40.77.167.162,12,64,50,4,10
2019-01-23,46.224.77.60,7,8,0,8,0
2019-01-23,5.209.200.253,14,15,8,7,0
2019-01-22,207.46.13.106,5,30,5,4,21
2019-01-22,54.36.148.121,7,7,0,7,0
2019-01-22,54.36.148.92,8,8,0,8,0
2019-01-23,66.111.54.277,7,177,49,78,50
2019-01-23,207.46.13.170,13,28,7,0,21
2019-01-23,17.58.102.74,10,9,4,5,0
2019-01-22,91.99.72.27,15,181,20,76,85
2019-01-22,34.247.132.66,16,15,0,0,15
2019-01-22,2.185.221.96,20,32,0,0,32
2019-01-23,207.46.13.179,22,2,2,0,0
2019-01-23,34.247.132.80,6,21,0,21,0
2019-01-23,173.249.54.107,19,16,0,16,0
2019-01-22,40.77.167.132,6,61,14,1,46
2019-01-22,51.15.15.57,6,9,0,0,9
2019-01-22,204.18.198.251,6,55,26,27,2
2019-01-22,66.111.54.256,10,388,94,195,99
2019-01-22,157.55.39.256,14,29,0,27,2
2019-01-22,54.36.149.74,7,6,6,0,0
2019-01-23,40.77.167.151,1,90,38,36,16
2019-01-22,204.18.198.268,23,97,56,31,10
2019-01-23,66.249.66.112,0,189,78,62,49
2019-01-22,54.36.149.86,19,1,0,1,0
2019-01-22,5.62.206.262,16,6,0,0,6
2019-01-22,54.36.149.89,22,9,9,0,0
2019-01-23,31.56.96.84,12,92,48,9,35
2019-01-23,207.46.13.144,8,50,14,1,35
2019-01-23,91.99.72.50,14,29,14,6,9
2019-01-23,54.36.149.100,9,4,4,0,0
2019-01-22,2.177.12.140,3,206,206,0,0
2019-01-22,54.36.148.15,8,11,0,0,11
2019-01-22,5.78.180.87,15,7,0,7,0
2019-01-22,204.18.198.267,22,104,104,0,0
2019-01-22,66.249.66.109,21,232,32,126,74
2019-01-23,204.18.198.274,5,100,54,45,1
2019-01-22,54.36.149.88,21,1,0,0,1
2019-01-23,17.58.102.75,11,8,8,0,0
2019-01-22,34.247.132.53,3,12,12,0,0
2019-01-22,89.199.193.261,13,34,0,34,0
2019-01-22,54.36.148.18,11,33,0,0,33
2019-01-22,51.15.15.68,17,25,0,0,25
2019-01-23,207.46.13.128,3,42,0,30,12
2019-01-23,172.20.2.201,6,13,13,0,0
2019-01-22,54.36.149.38,6,20,20,0,0
2019-01-22,54.36.149.66,6,1,0,1,0
2019-01-22,104.194.24.45,15,19,0,0,19
2019-01-22,66.111.54.266,20,378,181,146,51
2019-01-23,91.99.72.39,3,154,79,20,55
2019-01-23,54.36.149.88,4,1,0,0,1
2019-01-23,51.15.15.80,5,28,0,28,0
2019-01-23,207.46.13.131,6,22,4,6,12
2019-01-23,104.194.24.57,3,3,0,0,3
2019-01-23,54.36.148.42,3,1,0,1,0
2019-01-23,5.78.198.87,14,57,27,26,4
2019-01-23,31.56.96.93,21,3,3,0,0
2019-01-22,66.249.64.66,3,9,9,0,0
2019-01-22,207.46.13.140,7,111,48,36,27
2019-01-23,31.56.96.72,0,284,128,130,26
2019-01-23,173.249.54.88,0,51,17,18,16
2019-01-23,157.55.39.268,2,25,0,0,25
2019-01-23,157.55.39.271,5,24,0,0,24
2019-01-23,66.111.54.280,10,112,30,26,56
2019-01-23,54.36.148.34,3,22,0,0,22
2019-01-23,5.62.206.270,0,2,2,0,0
2019-01-23,5.160.157.47,6,4,0,4,0
2019-01-22,207.46.13.116,4,30,2,17,11
2019-01-22,31.56.96.64,16,212,92,46,74
2019-01-22,54.36.149.33,19,3,3,0,0
2019-01-22,89.199.193.266,18,36,0,36,0
2019-01-22,5.209.200.237,22,212,48,114,50
2019-01-23,89.199.193.272,0,13,0,0,13
2019-01-23,54.36.148.39,0,1,1,0,0
2019-01-23,178.253.33.81,9,82,6,13,63
2019-01-23,104.194.24.67,13,9,0,9,0
2019-01-22,5.62.206.249,3,18,18,0,0
2019-01-22,17.58.102.49,9,14,3,9,2
2019-01-23,2.177.12.178,17,19,19,0,0
2019-01-22,66.249.64.68,5,6,0,6,0
2019-01-22,66.249.64.69,6,5,5,0,0
2019-01-22,66.249.64.72,9,5,0,0,5
2019-01-23,157.55.39.272,6,63,0,0,63
2019-01-23,104.194.24.66,12,10,0,10,0
2019-01-23,54.36.149.66,4,7,0,0,7
2019-01-23,66.249.66.133,21,5,0,5,0
2019-01-22,157.55.39.245,3,13,13,0,0
2019-01-22,5.78.198.53,4,159,26,70,63
2019-01-22,91.99.72.25,13,237,150,67,20
2019-01-22,66.111.54.259,13,479,120,158,201
2019-01-22,89.199.193.264,16,11,0,11,0
2019-01-22,207.46.13.129,17,47,38,8,1
2019-01-23,173.249.54.94,6,49,10,31,8
2019-01-23,204.18.198.277,8,59,37,0,22
2019-01-22,51.15.15.71,20,5,0,0,5
2019-01-23,66.111.54.274,4,399,180,83,136
2019-01-23,40.77.167.158,8,79,1,37,41
2019-01-23,66.249.64.99,12,34,0,0,34
2019-01-23,207.46.13.180,23,2,0,2,0
2019-01-23,157.55.39.277,11,27,0,25,2
2019-01-23,54.36.148.49,11,2,0,0,2
2019-01-22,104.194.24.33,3,10,10,0,0
2019-01-22,173.249.54.70,6,42,7,18,17
2019-01-22,54.36.148.11,4,13,0,0,13
2019-01-22,46.224.77.34,5,5,5,0,0
2019-01-22,54.36.149.39,7,37,0,0,37
2019-01-22,66.249.66.100,12,190,78,68,44
2019-01-22,204.18.198.260,15,49,31,5,13
2019-01-22,54.36.148.46,17,4,4,0,0
2019-01-23,5.78.198.78,5,130,87,6,37
2019-01-23,204.18.198.279,10,26,23,3,0
2019-01-23,173.249.54.101,13,41,33,0,8
2019-01-23,5.112.52.280,5,10,0,0,10
2019-01-23,66.249.66.128,16,37,29,0,8
2019-01-22,91.99.72.24,12,190,68,55,67
2019-01-22,207.46.13.148,15,78,29,26,23
2019-01-22,54.36.148.26,12,9,9,0,0
2019-01-22,54.36.148.28,14,11,0,0,11
2019-01-22,2.179.141.111,16,44,1,10,33
2019-01-23,54.36.148.143,5,1,1,0,0
2019-01-23,5.209.200.255,16,28,0,0,28
2019-01-22,5.78.180.81,9,5,5,0,0
2019-01-22,54.36.148.22,7,3,3,0,0
2019-01-22,172.20.2.185,14,26,0,0,26
2019-01-23,2.177.12.162,1,223,74,114,35
2019-01-22,54.36.148.243,14,4,0,0,4
2019-01-22,54.36.149.80,13,5,0,0,5
2019-01-22,54.36.149.108,19,19,0,19,0
2019-01-23,17.58.102.79,15,21,0,0,21
2019-01-22,54.36.149.43,5,36,0,0,36
2019-01-22,66.249.66.206,15,274,68,146,60
2019-01-22,173.249.54.82,18,29,11,10,8
2019-01-22,204.18.198.265,20,61,44,17,0
2019-01-23,31.56.96.80,8,210,55,65,90
2019-01-22,34.247.132.69,19,11,11,0,0
2019-01-23,172.20.2.197,2,6,0,6,0
2019-01-23,46.224.77.57,4,13,0,13,0
2019-01-23,51.15.15.83,8,47,47,0,0
2019-01-23,91.99.72.52,16,24,17,5,2
2019-01-22,51.15.15.54,3,7,7,0,0
2019-01-22,2.185.221.79,3,2,2,0,0
2019-01-22,54.36.149.74,14,13,0,13,0
2019-01-22,31.56.96.68,20,190,48,82,60
2019-01-22,54.36.148.98,14,1,1,0,0
2019-01-22,54.36.148.100,16,6,0,0,6
2019-01-22,54.36.148.102,18,23,0,23,0
2019-01-23,54.36.149.96,5,6,0,0,6
2019-01-23,173.249.54.103,15,12,3,0,9
2019-01-23,46.224.77.67,14,2,0,0,2
2019-01-22,104.194.24.40,10,4,0,4,0
2019-01-22,5.78.180.83,11,19,0,19,0
2019-01-22,51.15.15.66,15,32,32,0,0
2019-01-22,31.56.96.67,19,267,70,114,83
2019-01-22,34.247.132.72,22,7,0,0,7
2019-01-23,54.36.149.65,3,3,3,0,0
2019-01-23,54.36.149.98,7,9,0,0,9
2019-01-23,54.36.149.51,13,13,0,13,0
2019-01-23,54.36.148.200,18,4,4,0,0
2019-01-22,54.36.148.19,5,12,0,0,12
2019-01-22,66.249.66.98,10,147,56,33,58
2019-01-22,91.99.72.20,8,210,54,67,89
2019-01-22,54.36.149.71,11,2,0,0,2
2019-01-23,204.18.198.269,0,81,45,6,30
2019-01-23,40.77.167.154,4,94,61,6,27
2019-01-23,46.224.77.53,0,19,19,0,0
2019-01-23,66.249.66.225,10,99,8,38,53
2019-01-23,54.36.149.49,11,6,6,0,0
2019-01-23,54.36.148.150,12,10,0,0,10
2019-01-22,17.58.102.57,17,91,30,53,8
2019-01-22,54.36.149.52,14,9,0,0,9
2019-01-23,173.249.54.90,2,47,20,27,0
2019-01-23,51.15.15.79,4,2,0,0,2
2019-01-23,207.46.13.133,8,49,1,48,0
2019-01-23,54.36.148.108,0,1,0,0,1
2019-01-23,31.56.96.87,15,72,0,48,24
2019-01-23,5.112.52.283,8,12,8,0,4
2019-01-23,54.36.149.122,9,1,1,0,0
2019-01-22,5.160.157.21,4,62,62,0,0
2019-01-22,2.185.221.81,5,5,5,0,0
2019-01-22,2.177.12.145,8,173,81,41,51
2019-01-22,66.111.54.257,11,415,236,74,105
2019-01-23,5.211.97.64,4,370,181,89,100
2019-01-23,66.249.64.92,5,2,0,2,0
2019-01-23,54.36.148.145,7,7,7,0,0
2019-01-23,104.194.24.65,11,4,0,4,0
2019-01-22,178.253.33.54,6,41,0,26,15
2019-01-22,91.99.72.18,6,183,63,69,51
2019-01-22,172.20.2.183,12,19,19,0,0
2019-01-22,40.77.167.146,20,79,38,39,2
2019-01-22,207.46.13.156,23,111,32,40,39
2019-01-23,54.36.148.255,2,3,0,3,0
2019-01-24,207.46.13.181,0,1,1,0,0
2019-01-23,178.253.33.88,16,1,1,0,0
2019-01-22,54.36.148.237,8,5,5,0,0
2019-01-22,54.36.148.175,17,2,2,0,0
2019-01-23,5.209.200.242,3,279,97,62,120
2019-01-22,54.36.149.59,21,21,0,21,0
2019-01-23,31.56.96.86,14,71,10,20,41
2019-01-22,54.36.148.235,6,43,0,43,0
2019-01-23,89.199.193.275,3,14,0,14,0
2019-01-23,54.36.149.48,10,17,17,0,0
2019-01-23,5.209.200.256,17,25,25,0,0
2019-01-22,207.46.13.109,8,51,7,37,7
2019-01-22,172.20.2.188,17,2,0,0,2
2019-01-22,5.209.200.236,21,276,163,56,57
2019-01-23,51.15.15.75,0,2,2,0,0
2019-01-23,54.36.149.98,14,6,0,0,6
2019-01-23,40.77.167.171,21,1,0,0,1
2019-01-23,104.194.24.72,18,11,0,0,11
2019-01-22,157.55.39.262,20,17,17,0,0
2019-01-22,66.111.54.269,23,353,172,100,81
2019-01-22,5.78.180.92,20,17,17,0,0
2019-01-22,5.160.157.35,18,11,0,11,0
2019-01-23,66.249.66.129,17,22,16,6,0
2019-01-23,5.78.198.92,19,9,2,7,0
2019-01-22,173.249.54.78,14,25,2,14,9
2019-01-22,5.62.206.253,7,5,0,0,5
2019-01-23,66.249.64.95,8,18,0,18,0
2019-01-22,54.36.148.103,19,4,0,0,4
2019-01-23,5.160.157.43,2,24,7,0,17
2019-01-22,54.36.148.89,5,23,23,0,0
2019-01-22,157.55.39.253,11,9,1,5,3
2019-01-22,207.46.13.112,11,46,14,32,0
2019-01-22,207.46.13.118,17,38,2,30,6
2019-01-22,54.36.149.45,13,22,22,0,0
2019-01-23,91.99.72.38,2,91,36,10,45
2019-01-22,54.36.148.248,19,11,0,11,0
2019-01-23,91.99.72.44,8,83,20,8,55
2019-01-23,66.111.54.293,23,3,3,0,0
2019-01-22,54.36.149.64,4,14,0,0,14
2019-01-22,5.78.180.84,12,4,4,0,0
2019-01-22,91.99.72.30,18,116,57,31,28
2019-01-23,54.36.148.186,4,20,0,0,20
2019-01-23,17.58.102.71,7,23,23,0,0
2019-01-23,2.177.12.176,15,57,0,22,35
2019-01-23,5.78.198.96,23,10,5,5,0
2019-01-22,5.78.198.55,6,204,71,53,80
2019-01-22,5.78.180.80,8,2,2,0,0
2019-01-22,66.249.66.208,17,311,105,92,114
2019-01-23,5.209.200.239,0,154,30,77,47
2019-01-23,51.15.15.78,3,9,9,0,0
2019-01-23,173.249.54.100,12,6,2,0,4
2019-01-23,2.185.221.107,7,2,0,0,2
2019-01-23,54.36.149.59,3,3,0,0,3
2019-01-22,207.46.13.120,8,87,17,8,62
2019-01-22,66.249.64.71,8,6,0,0,6
2019-01-22,54.36.148.171,13,1,0,0,1
2019-01-23,2.177.12.165,4,205,103,69,33
2019-01-22,54.36.148.28,21,3,0,0,3
2019-01-22,54.36.148.232,3,1,1,0,0
2019-01-22,40.77.167.144,18,142,37,44,61
2019-01-22,91.99.72.32,20,166,72,66,28
2019-01-22,54.36.149.35,21,2,0,2,0
2019-01-23,54.36.148.190,8,3,0,3,0
2019-01-22,31.56.96.56,8,153,94,16,43
2019-01-22,54.36.148.127,13,6,0,0,6
2019-01-22,31.56.96.69,21,252,103,65,84
2019-01-22,54.36.148.29,14,5,0,0,5
2019-01-22,54.36.148.180,22,25,0,0,25
2019-01-22,5.209.200.238,23,315,130,137,48
2019-01-23,17.58.102.68,4,9,1,0,8
2019-01-23,2.179.141.125,6,28,4,18,6
2019-01-23,66.249.66.232,17,44,11,23,10
2019-01-23,31.56.96.95,23,10,10,0,0
2019-01-22,207.46.13.115,3,36,36,0,0
2019-01-22,5.211.97.45,9,411,76,121,214
2019-01-22,66.249.66.203,12,145,43,40,62
2019-01-22,204.18.198.255,10,53,30,23,0
2019-01-22,66.249.64.73,10,2,0,2,0
2019-01-22,178.253.33.71,23,67,0,25,42
2019-01-23,66.249.66.224,9,193,126,28,39
2019-01-23,5.78.198.90,17,20,14,6,0
2019-01-22,207.46.13.136,3,165,165,0,0
2019-01-22,66.249.66.199,8,258,113,86,59
2019-01-22,2.177.12.153,16,195,90,29,76
2019-01-22,91.99.72.29,17,160,46,59,55
2019-01-22,5.112.52.267,16,34,0,26,8
2019-01-23,5.78.198.75,2,162,18,111,33
2019-01-23,66.249.66.117,5,124,30,62,32
2019-01-23,66.249.66.119,7,157,111,35,11
2019-01-22,54.36.149.111,22,6,0,6,0
2019-01-22,66.249.66.194,3,283,283,0,0
2019-01-22,54.36.149.51,13,23,0,23,0
2019-01-23,66.249.66.220,5,248,79,45,124
2019-01-23,17.58.102.76,12,13,0,2,11
2019-01-23,5.160.157.42,1,32,11,21,0
2019-01-22,31.56.96.52,4,325,92,95,138
2019-01-22,5.211.97.44,8,278,105,103,70
2019-01-22,54.36.149.20,6,1,0,1,0
2019-01-22,207.46.13.126,14,115,48,18,49
2019-01-22,54.36.148.27,13,2,0,0,2
2019-01-22,66.249.64.84,21,13,0,0,13
2019-01-22,5.62.206.257,11,2,2,0,0
2019-01-23,17.58.102.65,1,17,0,2,15
2019-01-23,5.78.198.85,12,94,8,19,67
2019-01-23,66.249.66.234,19,17,0,17,0
2019-01-22,89.199.193.260,12,4,0,0,4
2019-01-22,54.36.149.96,7,7,0,0,7
2019-01-23,207.46.13.130,5,20,1,9,10
2019-01-23,173.249.54.95,7,36,3,0,33
2019-01-23,178.253.33.79,7,49,42,0,7
2019-01-22,54.36.148.39,10,6,6,0,0
2019-01-22,66.249.66.108,20,205,43,88,74
2019-01-22,5.209.200.235,20,179,51,69,59
2019-01-22,178.253.33.69,21,35,11,1,23
2019-01-23,5.78.180.99,3,29,0,0,29
2019-01-23,66.249.66.230,15,84,18,34,32
2019-01-23,204.18.198.283,14,6,0,0,6
2019-01-22,2.179.141.109,14,39,0,36,3
2019-01-22,5.160.157.31,14,13,5,0,8
2019-01-23,66.249.66.217,2,223,29,55,139
2019-01-22,66.249.66.111,23,267,132,73,62
2019-01-23,66.111.54.276,6,302,186,85,31
2019-01-23,5.112.52.279,4,31,0,12,19
2019-01-23,157.55.39.282,16,18,18,0,0
2019-01-22,66.249.66.103,15,223,101,65,57
2019-01-22,2.179.141.108,13,57,17,29,11
2019-01-22,54.36.149.50,12,5,5,0,0
2019-01-22,2.179.141.116,21,90,8,15,67
2019-01-22,54.36.148.47,18,23,23,0,0
2019-01-23,66.249.66.219,4,250,77,95,78
2019-01-23,17.58.102.67,3,6,4,2,0
2019-01-23,207.46.13.134,9,24,22,2,0
2019-01-22,5.209.200.221,6,220,37,82,101
2019-01-22,17.58.102.45,5,22,6,1,15
2019-01-22,91.99.72.17,5,160,49,74,37
2019-01-22,40.77.167.139,13,103,32,40,31
2019-01-22,2.185.221.95,19,1,1,0,0
2019-01-22,54.36.148.247,18,13,0,0,13
2019-01-23,54.36.148.54,1,26,0,0,26
2019-01-23,2.185.221.103,3,9,9,0,0
2019-01-23,204.18.198.280,11,26,13,13,0
2019-01-23,54.36.148.57,4,11,11,0,0
2019-01-22,66.249.66.91,3,152,152,0,0
2019-01-22,207.46.13.117,5,106,4,32,70
2019-01-22,2.179.141.104,9,99,0,35,64
2019-01-22,89.199.193.256,8,3,0,3,0
2019-01-22,66.111.54.265,19,390,63,119,208
2019-01-23,207.46.13.162,5,119,2,23,94
2019-01-22,5.78.180.94,22,7,0,7,0
2019-01-23,66.111.54.279,9,248,73,70,105
2019-01-23,204.18.198.273,4,70,21,16,33
2019-01-23,54.36.148.51,13,4,4,0,0
2019-01-22,54.36.148.22,8,12,0,12,0
2019-01-22,173.249.54.79,15,45,19,18,8
2019-01-22,207.46.13.150,17,114,16,20,78
2019-01-23,66.249.64.91,4,8,0,8,0
2019-01-22,54.36.149.82,22,2,0,0,2
2019-01-23,172.20.2.195,0,7,7,0,0
2019-01-23,66.249.64.101,14,7,0,0,7
2019-01-23,54.36.149.70,8,16,0,0,16
2019-01-22,173.249.54.67,3,67,67,0,0
2019-01-22,207.46.13.121,9,101,85,15,1
2019-01-22,204.18.198.254,9,34,0,31,3
2019-01-22,157.55.39.258,16,45,0,45,0
2019-01-22,54.36.148.30,16,22,0,0,22
2019-01-22,17.58.102.58,18,24,0,15,9
2019-01-22,54.36.149.80,20,23,0,0,23
2019-01-23,54.36.148.43,4,7,0,0,7
2019-01-23,54.36.149.92,1,13,13,0,0
2019-01-23,5.78.180.107,11,3,0,0,3
2019-01-23,66.111.54.291,21,7,0,0,7
2019-01-22,178.253.33.53,5,54,0,46,8
2019-01-22,66.249.64.76,13,8,8,0,0
2019-01-22,54.36.148.24,9,2,0,2,0
2019-01-22,54.36.148.23,9,1,0,0,1
2019-01-22,104.194.24.44,14,1,1,0,0
2019-01-22,5.62.206.255,9,8,8,0,0
2019-01-22,46.224.77.43,14,7,0,7,0
2019-01-22,5.112.52.269,18,38,0,38,0
2019-01-23,54.36.149.93,2,8,0,0,8
2019-01-23,54.36.148.259,6,16,0,16,0
2019-01-22,204.18.198.252,7,81,25,15,41
2019-01-22,66.249.66.106,18,167,48,48,71
2019-01-22,172.20.2.190,19,27,27,0,0
2019-01-22,54.36.148.18,4,16,16,0,0
2019-01-22,34.247.132.55,5,9,0,9,0
2019-01-22,54.36.149.19,5,7,0,0,7
2019-01-22,34.247.132.56,6,27,0,0,27
2019-01-22,5.209.200.228,13,259,59,83,117
2019-01-22,5.78.180.86,14,13,0,0,13
2019-01-22,207.46.13.127,15,108,19,75,14
2019-01-23,204.18.198.270,1,75,9,32,34
2019-01-23,5.209.200.245,6,150,54,65,31
2019-01-23,54.36.148.44,6,14,14,0,0
2019-01-22,5.209.200.220,5,201,86,57,58
2019-01-22,51.15.15.64,13,2,0,0,2
2019-01-22,66.249.64.75,12,4,4,0,0
2019-01-22,54.36.148.17,10,18,0,0,18
2019-01-23,2.179.141.122,3,38,2,30,6
2019-01-23,66.249.66.118,6,121,52,54,15
2019-01-23,2.179.141.126,7,86,37,14,35
2019-01-23,91.99.72.48,12,88,30,4,54
2019-01-22,34.247.132.54,4,1,0,0,1
2019-01-22,54.36.149.68,8,5,0,0,5
2019-01-22,207.46.13.114,13,51,13,32,6
2019-01-23,54.36.148.42,4,25,25,0,0
2019-01-23,172.20.2.199,4,10,0,10,0
2019-01-23,5.78.180.109,13,3,3,0,0
2019-01-23,89.199.193.283,11,17,0,17,0
2019-01-22,104.194.24.48,18,8,0,8,0
2019-01-22,104.194.24.50,20,2,0,2,0
2019-01-22,157.55.39.264,22,38,12,26,0
2019-01-23,207.46.13.160,3,90,15,31,44
2019-01-22,40.77.167.148,22,72,11,28,33
2019-01-23,54.36.148.39,1,2,2,0,0
2019-01-22,54.36.149.51,19,11,0,0,11
2019-01-23,54.36.148.254,1,3,0,0,3
2019-01-22,54.36.149.18,4,10,10,0,0
2019-01-22,46.224.77.37,8,10,0,0,10
2019-01-22,178.253.33.60,12,68,61,2,5
2019-01-22,207.46.13.121,20,36,14,17,5
2019-01-22,207.46.13.122,21,69,22,47,0
2019-01-22,54.36.148.29,22,23,23,0,0
2019-01-22,54.36.148.107,23,21,0,21,0
2019-01-23,54.36.149.91,0,11,11,0,0
2019-01-23,178.253.33.85,13,7,4,0,3
2019-01-23,54.36.149.97,13,6,0,0,6
2019-01-23,54.36.148.39,8,22,22,0,0
2019-01-23,207.46.13.139,14,25,25,0,0
2019-01-23,5.62.206.273,3,24,24,0,0
2019-01-23,91.99.72.55,19,22,0,22,0
2019-01-22,31.56.96.58,10,222,109,89,24
2019-01-22,2.177.12.151,14,166,67,43,56
2019-01-22,5.211.97.53,17,243,97,91,55
2019-01-23,2.177.12.161,0,185,60,73,52
2019-01-22,54.36.149.37,23,4,0,0,4
2019-01-22,34.247.132.65,15,14,14,0,0
2019-01-22,66.249.66.204,13,207,58,118,31
2019-01-22,5.78.180.78,6,2,0,0,2
2019-01-23,5.78.180.98,2,20,0,20,0
2019-01-23,66.249.66.122,10,58,30,26,2
2019-01-23,2.177.12.173,12,24,4,18,2
2019-01-23,54.36.149.45,7,6,0,6,0
2019-01-23,2.177.12.177,16,19,12,7,0
2019-01-23,54.36.148.49,10,6,6,0,0
2019-01-22,178.253.33.52,4,50,7,11,32
2019-01-22,54.36.149.23,9,20,0,20,0
2019-01-22,54.36.148.33,18,35,35,0,0
2019-01-22,54.36.148.244,15,1,0,1,0
2019-01-23,207.46.13.168,11,48,0,25,23
2019-01-23,54.36.148.184,2,6,0,6,0
2019-01-23,173.249.54.93,5,30,18,12,0
2019-01-22,54.36.149.17,3,7,7,0,0
2019-01-22,46.224.77.40,11,46,46,0,0
2019-01-23,54.36.149.40,2,24,24,0,0
2019-01-23,54.36.149.95,4,11,0,0,11
2019-01-22,5.211.97.41,5,303,143,101,59
2019-01-22,178.253.33.56,8,41,0,5,36
2019-01-22,5.112.52.256,5,50,50,0,0
2019-01-22,54.36.149.21,7,8,0,8,0
2019-01-22,157.55.39.252,10,22,0,18,4
2019-01-22,54.36.148.43,14,9,9,0,0
2019-01-22,91.99.72.35,23,120,37,52,31
2019-01-23,66.249.64.105,18,10,0,10,0
2019-01-23,5.209.200.258,19,4,0,0,4
2019-01-22,54.36.148.233,4,13,13,0,0
2019-01-22,54.36.149.93,4,23,0,23,0
2019-01-22,207.46.13.151,18,117,30,17,70
2019-01-23,172.20.2.198,3,41,0,41,0
2019-01-23,34.247.132.74,0,7,0,0,7
2019-01-23,54.36.148.191,9,2,0,2,0
2019-01-23,66.249.66.229,14,104,8,49,47
2019-01-23,40.77.167.163,13,54,6,11,37
2019-01-23,66.249.64.103,16,12,0,12,0
2019-01-23,207.46.13.163,6,86,16,18,52
2019-01-22,172.20.2.193,22,9,0,0,9
2019-01-22,2.185.221.99,23,6,6,0,0
2019-01-23,54.36.148.58,5,1,1,0,0
2019-01-22,104.194.24.34,4,11,0,0,11
2019-01-22,54.36.149.95,6,21,0,21,0
2019-01-22,2.177.12.152,15,204,38,95,71
2019-01-22,5.112.52.259,8,27,0,20,7
2019-01-22,31.56.96.70,22,272,68,139,65
2019-01-22,54.36.149.57,19,5,0,5,0
2019-01-23,91.99.72.42,6,140,33,35,72
2019-01-23,207.46.13.141,5,54,29,10,15
2019-01-23,157.55.39.279,13,22,0,10,12
2019-01-23,5.112.52.287,12,10,0,0,10
2019-01-22,54.36.149.41,3,16,16,0,0
2019-01-22,91.99.72.15,3,224,224,0,0
2019-01-22,5.78.198.58,9,105,64,0,41
2019-01-22,54.36.148.169,11,1,0,0,1
2019-01-22,40.77.167.143,17,68,25,25,18
2019-01-22,5.211.97.57,21,323,96,142,85
2019-01-23,46.224.77.65,12,1,0,0,1
2019-01-23,54.36.148.48,10,1,0,0,1
2019-01-22,5.211.97.43,7,314,148,58,108
2019-01-22,207.46.13.119,7,86,1,54,31
2019-01-22,104.194.24.43,13,5,0,0,5
2019-01-22,66.111.54.267,21,395,94,146,155
2019-01-23,207.46.13.171,14,16,0,0,16
2019-01-23,40.77.167.156,6,119,83,3,33
2019-01-23,2.185.221.102,2,6,0,6,0
2019-01-22,54.36.149.22,8,8,0,8,0
2019-01-22,89.199.193.254,6,3,3,0,0
2019-01-22,31.56.96.61,13,238,62,50,126
2019-01-22,40.77.167.137,11,45,4,32,9
2019-01-22,89.199.193.258,10,1,0,0,1
2019-01-22,54.36.148.37,8,4,0,4,0
2019-01-22,54.36.148.26,19,6,0,6,0
2019-01-23,173.249.54.98,10,5,4,1,0
2019-01-22,5.160.157.40,23,29,0,3,26
2019-01-22,66.111.54.258,12,425,217,76,132
2019-01-22,5.112.52.261,10,13,0,6,7
2019-01-22,54.36.149.76,16,4,0,4,0
2019-01-22,66.249.66.214,23,327,97,140,90
2019-01-23,5.211.97.66,6,320,45,99,176
2019-01-23,178.253.33.76,4,52,21,22,9
2019-01-22,5.62.206.268,22,1,0,1,0
2019-01-23,54.36.148.35,4,16,0,16,0
2019-01-23,54.36.149.47,9,6,6,0,0
2019-01-23,54.36.149.95,11,5,0,5,0
2019-01-23,66.249.66.134,22,6,0,6,0
2019-01-22,204.18.198.250,5,68,32,13,23
2019-01-22,157.55.39.251,9,11,3,4,4
2019-01-22,40.77.167.138,12,120,29,39,52
2019-01-22,66.111.54.268,22,435,137,133,165
2019-01-22,54.36.149.104,15,6,0,0,6
2019-01-23,54.36.149.86,2,3,0,0,3
2019-01-22,5.160.157.38,21,4,0,0,4
2019-01-23,104.194.24.60,6,4,0,0,4
2019-01-23,104.194.24.69,15,6,0,0,6
2019-01-23,46.224.77.63,10,7,7,0,0
2019-01-22,54.36.148.21,7,4,0,0,4
2019-01-22,207.46.13.113,12,52,0,43,9
2019-01-22,66.249.66.107,19,195,67,53,75
2019-01-22,204.18.198.264,19,50,33,11,6
2019-01-22,5.112.52.265,14,9,0,9,0
2019-01-22,5.112.52.266,15,18,2,16,0
2019-01-23,172.20.2.196,1,8,8,0,0
2019-01-22,54.36.149.110,21,12,12,0,0
2019-01-22,5.112.52.254,3,54,54,0,0
2019-01-22,2.177.12.142,5,197,81,81,35
2019-01-22,17.58.102.50,10,16,0,16,0
2019-01-22,172.20.2.181,10,2,2,0,0
2019-01-22,178.253.33.62,14,59,25,13,21
2019-01-22,54.36.148.174,16,4,0,0,4
2019-01-22,173.249.54.84,20,74,43,7,24
2019-01-22,54.36.149.103,14,27,0,0,27
2019-01-22,104.194.24.53,23,6,0,6,0
2019-01-23,2.179.141.121,2,19,14,5,0
2019-01-23,5.209.200.251,12,29,10,7,12
2019-01-23,5.211.97.76,16,91,19,16,56
2019-01-23,5.211.97.78,18,16,8,3,5
2019-01-22,54.36.148.18,3,20,20,0,0
2019-01-22,104.194.24.35,5,5,5,0,0
2019-01-22,66.111.54.255,9,413,101,181,131
2019-01-22,66.111.54.260,14,452,150,169,133
2019-01-22,54.36.149.24,10,1,0,0,1
2019-01-22,54.36.148.241,12,8,0,0,8
2019-01-22,2.185.221.89,13,7,7,0,0
2019-01-22,54.36.148.44,15,1,1,0,0
2019-01-23,204.18.198.275,6,116,19,84,13
2019-01-23,40.77.167.164,14,37,10,5,22
2019-01-23,89.199.193.281,9,13,0,13,0
2019-01-23,54.36.148.45,7,8,0,8,0
2019-01-22,31.56.96.51,3,144,144,0,0
2019-01-22,51.15.15.61,10,9,0,0,9
2019-01-22,31.56.96.62,14,188,89,40,59
2019-01-22,173.249.54.76,12,39,11,18,10
2019-01-22,34.247.132.60,10,27,27,0,0
2019-01-22,91.99.72.34,22,114,32,45,37
2019-01-23,66.111.54.273,3,459,265,140,54
2019-01-22,54.36.148.36,21,13,0,0,13
2019-01-23,66.249.66.223,8,150,51,18,81
2019-01-23,2.177.12.169,8,93,41,4,48
2019-01-23,66.111.54.286,16,60,49,11,0
2019-01-23,91.99.72.51,15,34,25,9,0
2019-01-23,54.36.149.94,10,1,0,0,1
2019-01-22,207.46.13.104,3,71,71,0,0
2019-01-22,51.15.15.59,8,6,6,0,0
2019-01-22,34.247.132.58,8,9,9,0,0
2019-01-22,66.249.64.78,15,11,0,0,11
2019-01-22,17.58.102.54,14,47,3,0,44
2019-01-23,31.56.96.74,2,200,60,51,89
2019-01-22,54.36.148.134,20,11,0,0,11
2019-01-23,5.78.180.106,10,9,0,0,9
2019-01-22,5.78.198.56,7,197,73,99,25
2019-01-22,157.55.39.249,7,20,13,7,0
2019-01-22,66.249.64.74,11,3,0,3,0
2019-01-22,89.199.193.259,11,5,0,5,0
2019-01-22,207.46.13.153,20,105,40,38,27
2019-01-22,54.36.148.41,12,9,0,0,9
2019-01-22,40.77.167.147,21,83,21,17,45
2019-01-23,54.36.148.182,0,4,4,0,0
2019-01-23,66.249.66.120,8,64,50,5,9
2019-01-23,104.194.24.59,5,1,1,0,0
2019-01-23,54.36.149.92,8,4,0,4,0
2019-01-22,207.46.13.108,7,102,14,0,88
2019-01-23,207.46.13.165,8,55,17,4,34
2019-01-22,54.36.148.136,22,15,0,15,0
2019-01-23,66.111.54.282,12,67,10,19,38
2019-01-23,54.36.148.38,0,1,0,1,0
2019-01-22,89.199.193.262,14,7,0,7,0
2019-01-22,204.18.198.266,21,88,0,49,39
2019-01-22,178.253.33.70,22,71,56,15,0
2019-01-23,54.36.148.41,2,24,0,24,0
2019-01-22,54.36.149.54,22,1,0,0,1
2019-01-24,207.46.13.182,1,33,0,33,0
2019-01-22,66.111.54.249,3,472,472,0,0
2019-01-22,46.224.77.47,18,17,0,0,17
2019-01-23,66.249.66.222,7,193,99,53,41
2019-01-23,54.36.149.116,3,17,0,0,17
2019-01-23,172.20.2.200,5,4,0,4,0
2019-01-23,54.36.149.99,8,14,0,0,14
2019-01-23,172.20.2.202,7,25,0,0,25
2019-01-22,54.36.148.19,4,10,0,0,10
2019-01-22,5.211.97.54,18,293,60,124,109
2019-01-22,54.36.149.27,13,4,0,0,4
2019-01-23,66.249.66.216,1,187,81,36,70
2019-01-23,5.211.97.67,7,245,111,45,89
2019-01-23,5.78.198.77,4,159,39,63,57
2019-01-22,5.62.206.265,19,10,10,0,0
2019-01-23,2.185.221.104,4,6,6,0,0
2019-01-23,17.58.102.78,14,24,0,24,0
2019-01-23,2.177.12.181,20,18,18,0,0
2019-01-22,5.78.198.57,8,208,71,59,78
2019-01-22,66.111.54.263,17,463,111,130,222
2019-01-23,54.36.148.140,2,19,19,0,0
2019-01-23,54.36.149.58,2,1,0,1,0
2019-01-23,66.111.54.270,0,395,214,55,126
2019-01-22,34.247.132.70,20,2,0,0,2
2019-01-23,40.77.167.161,11,39,0,20,19
2019-01-23,66.111.54.284,14,51,25,12,14
2019-01-23,104.194.24.63,9,4,0,4,0
2019-01-23,54.36.149.64,2,19,0,0,19
2019-01-23,54.36.148.196,14,5,0,0,5
2019-01-22,2.179.141.103,8,78,28,14,36
2019-01-22,5.78.198.61,12,138,81,34,23
2019-01-22,178.253.33.65,17,41,13,14,14
2019-01-22,54.36.148.29,15,6,6,0,0
2019-01-22,5.62.206.258,12,11,0,0,11
2019-01-22,46.224.77.50,21,9,9,0,0
2019-01-22,5.62.206.263,17,17,17,0,0
2019-01-23,17.58.102.73,9,30,10,0,20
2019-01-23,2.185.221.106,6,14,0,14,0
2019-01-24,207.46.13.183,2,37,37,0,0
2019-01-23,66.249.66.132,20,10,10,0,0
2019-01-22,17.58.102.47,7,46,22,0,24
2019-01-22,54.36.148.125,11,3,0,0,3
2019-01-22,66.249.64.80,17,8,0,0,8
2019-01-23,51.15.15.81,6,5,0,0,5
2019-01-23,5.209.200.246,7,270,84,100,86
2019-01-23,5.209.200.247,8,181,69,66,46
2019-01-23,89.199.193.278,6,2,0,0,2
2019-01-23,5.209.200.257,18,8,0,8,0
2019-01-22,173.249.54.77,13,98,0,95,3
2019-01-22,54.36.148.124,10,4,4,0,0
2019-01-22,54.36.149.73,6,18,0,0,18
2019-01-22,40.77.167.142,16,77,18,31,28
2019-01-22,54.36.149.76,9,12,12,0,0
2019-01-22,17.58.102.59,19,45,0,0,45
2019-01-23,51.15.15.76,1,4,0,4,0
2019-01-23,5.62.206.271,1,48,48,0,0
2019-01-23,40.77.167.168,18,10,4,0,6
2019-01-24,5.78.198.97,0,8,0,0,8
2019-01-22,54.36.148.25,10,9,0,0,9
2019-01-22,5.160.157.29,12,28,1,27,0
2019-01-22,54.36.149.79,19,4,4,0,0
2019-01-22,54.36.149.100,11,2,0,0,2
2019-01-22,54.36.148.135,21,3,3,0,0
2019-01-23,207.46.13.172,15,20,8,0,12
2019-01-23,5.211.97.69,9,198,97,58,43
2019-01-23,66.249.66.227,12,175,39,89,47
2019-01-23,2.177.12.170,9,60,18,23,19
2019-01-22,54.36.149.55,23,31,31,0,0
2019-01-23,54.36.149.46,8,3,0,3,0
2019-01-23,51.15.15.87,12,1,1,0,0
2019-01-22,54.36.148.163,5,1,0,0,1
2019-01-22,54.36.149.73,13,11,0,11,0
2019-01-22,5.112.52.258,7,5,0,4,1
2019-01-22,104.194.24.42,12,2,0,2,0
2019-01-22,66.249.64.86,23,4,4,0,0
2019-01-22,54.36.148.132,18,13,13,0,0
2019-01-22,172.20.2.192,21,2,0,0,2
2019-01-22,54.36.149.58,20,2,0,2,0
2019-01-23,104.194.24.56,2,2,0,0,2
2019-01-23,40.77.167.160,10,65,22,28,15
2019-01-23,207.46.13.178,21,1,1,0,0
2019-01-23,54.36.149.93,9,2,2,0,0
2019-01-22,54.36.149.72,5,54,0,0,54
2019-01-22,31.56.96.63,15,225,59,102,64
2019-01-22,17.58.102.52,12,23,9,5,9
2019-01-22,5.78.198.66,17,156,78,61,17
2019-01-23,31.56.96.76,4,216,117,6,93
2019-01-23,46.224.77.56,3,21,21,0,0
2019-01-23,54.36.149.69,7,4,0,4,0
2019-01-22,5.112.52.257,6,11,0,10,1
2019-01-22,5.211.97.55,19,402,103,155,144
2019-01-22,5.78.198.65,16,157,91,21,45
2019-01-22,89.199.193.263,15,1,1,0,0
2019-01-22,2.179.141.115,20,50,6,4,40
2019-01-22,54.36.149.84,17,7,7,0,0
2019-01-23,5.209.200.252,13,17,0,15,2
2019-01-23,2.179.141.132,13,42,0,29,13
2019-01-23,54.36.149.99,15,11,11,0,0
2019-01-23,89.199.193.282,10,1,0,0,1
2019-01-22,173.249.54.75,11,120,45,6,69
2019-01-22,54.36.148.246,17,7,7,0,0
2019-01-22,5.112.52.273,22,12,1,11,0
2019-01-22,54.36.148.38,23,2,0,2,0
2019-01-23,54.36.149.114,1,7,0,7,0
2019-01-23,66.111.54.288,18,41,3,18,20
2019-01-24,66.249.66.136,0,12,12,0,0
2019-01-22,5.160.157.22,5,51,4,47,0
2019-01-22,2.177.12.156,19,157,59,39,59
2019-01-23,66.249.64.94,7,6,0,6,0
2019-01-23,17.58.102.69,5,44,0,19,25
2019-01-23,157.55.39.275,9,43,15,28,0
2019-01-23,46.224.77.61,8,11,0,0,11
2019-01-22,89.199.193.255,7,4,4,0,0
2019-01-22,66.249.66.211,20,208,101,65,42
2019-01-23,66.111.54.272,2,398,187,122,89
2019-01-23,40.77.167.155,5,84,37,15,32
2019-01-23,104.194.24.54,0,24,0,0,24
2019-01-22,54.36.148.35,21,19,19,0,0
2019-01-23,54.36.148.146,8,8,8,0,0
2019-01-23,66.249.64.100,13,8,8,0,0
2019-01-23,46.224.77.62,9,23,0,0,23
2019-01-23,17.58.102.81,17,8,0,0,8
2019-01-22,51.15.15.56,5,7,0,0,7
2019-01-22,157.55.39.250,8,23,0,17,6
2019-01-22,54.36.149.72,12,2,0,2,0
2019-01-23,207.46.13.158,1,63,35,11,17
2019-01-22,5.62.206.260,14,52,52,0,0
2019-01-23,5.78.180.96,0,4,0,4,0
2019-01-23,5.78.180.97,1,7,0,0,7
2019-01-23,91.99.72.41,5,173,30,55,88
2019-01-22,54.36.148.168,10,3,0,0,3
2019-01-22,40.77.167.140,14,86,59,26,1
2019-01-22,54.36.148.240,11,6,0,0,6
2019-01-23,2.179.141.123,4,74,33,40,1
2019-01-23,5.211.97.80,20,4,0,0,4
2019-01-22,54.36.148.164,6,28,28,0,0
2019-01-22,54.36.148.122,8,23,0,0,23
2019-01-22,54.36.148.91,7,17,17,0,0
2019-01-22,54.36.148.166,8,10,0,10,0
2019-01-22,204.18.198.259,14,61,22,29,10
2019-01-22,54.36.149.43,11,18,0,0,18
2019-01-22,5.78.198.68,19,186,47,80,59
2019-01-23,207.46.13.127,2,32,22,0,10
2019-01-23,2.179.141.127,8,43,22,7,14
2019-01-23,89.199.193.279,7,1,0,0,1
2019-01-23,66.249.66.130,18,11,9,0,2
2019-01-22,66.249.66.96,8,184,104,51,29
2019-01-22,66.249.66.105,17,200,48,46,106
2019-01-22,54.36.148.97,13,9,0,0,9
2019-01-22,54.36.148.181,23,4,0,0,4
2019-01-22,5.62.206.261,15,18,0,0,18
2019-01-23,157.55.39.273,7,14,0,13,1
2019-01-23,207.46.13.175,18,24,0,23,1
2019-01-23,54.36.148.41,3,9,0,0,9
2019-01-23,17.58.102.77,13,5,5,0,0
2019-01-23,66.111.54.289,19,22,12,0,10
2019-01-23,31.56.96.92,20,13,8,0,5
2019-01-22,89.199.193.253,5,31,0,31,0
2019-01-22,46.224.77.38,9,1,0,1,0
2019-01-22,54.36.149.25,11,12,0,12,0
2019-01-22,17.58.102.53,13,6,6,0,0
2019-01-22,5.78.198.70,21,151,37,85,29
2019-01-22,46.224.77.49,20,1,0,0,1
2019-01-23,5.78.198.73,0,158,46,53,59
2019-01-23,5.78.198.76,3,163,81,38,44
2019-01-23,5.112.52.275,0,14,0,14,0
2019-01-23,54.36.148.261,8,4,4,0,0
2019-01-22,2.177.12.143,6,189,63,59,67
2019-01-22,172.20.2.177,6,6,6,0,0
2019-01-22,54.36.149.94,5,17,17,0,0
2019-01-22,5.209.200.233,18,251,72,85,94
2019-01-22,66.249.66.207,16,206,73,81,52
2019-01-22,66.249.66.210,19,250,119,104,27
2019-01-23,207.46.13.143,7,67,48,16,3
2019-01-23,40.77.167.170,20,10,0,0,10
2019-01-23,66.111.54.292,22,12,12,0,0
2019-01-23,54.36.148.41,10,5,0,5,0
2019-01-22,40.77.167.130,4,117,42,12,63
2019-01-22,66.249.66.99,11,190,57,34,99
2019-01-22,5.62.206.251,5,2,2,0,0
2019-01-22,54.36.148.26,11,2,0,0,2
2019-01-22,207.46.13.132,20,82,65,0,17
2019-01-22,54.36.149.105,16,9,0,9,0
2019-01-23,207.46.13.138,2,60,36,19,5
2019-01-23,207.46.13.132,7,37,26,0,11
2019-01-23,207.46.13.140,4,72,10,1,61
2019-01-23,157.55.39.281,15,2,0,0,2
2019-01-22,204.18.198.248,3,55,55,0,0
2019-01-22,157.55.39.248,6,31,18,0,13
2019-01-22,5.78.198.63,14,210,92,57,61
2019-01-22,54.36.149.75,15,5,5,0,0
2019-01-22,2.177.12.158,21,184,42,86,56
2019-01-22,2.177.12.159,22,191,120,44,27
2019-01-23,54.36.149.39,1,3,0,3,0
2019-01-22,172.20.2.194,23,27,0,0,27
2019-01-22,5.62.206.266,20,4,0,0,4
2019-01-23,40.77.167.167,17,18,16,0,2
2019-01-22,157.55.39.246,4,17,0,11,6
2019-01-22,54.36.148.173,15,11,11,0,0
2019-01-23,54.36.149.38,0,4,0,0,4
2019-01-23,66.249.66.116,4,138,35,98,5
2019-01-22,34.247.132.67,17,8,8,0,0
2019-01-23,54.36.149.97,6,2,0,0,2
2019-01-22,207.46.13.105,4,80,22,54,4
2019-01-22,54.36.149.36,4,1,0,0,1
2019-01-22,54.36.148.90,6,4,0,4,0
2019-01-22,5.78.198.60,11,223,131,40,52
2019-01-22,157.55.39.254,12,37,3,2,32
2019-01-22,2.179.141.106,11,40,12,6,22
2019-01-22,207.46.13.117,16,26,1,21,4
2019-01-22,5.160.157.32,15,42,0,3,39
2019-01-23,5.78.198.80,7,84,6,33,45
2019-01-22,173.249.54.74,10,68,43,0,25
2019-01-22,104.194.24.41,11,5,5,0,0
2019-01-22,40.77.167.141,15,105,29,22,54
2019-01-22,54.36.148.95,11,3,3,0,0
2019-01-22,51.15.15.67,16,1,0,1,0
2019-01-23,91.99.72.47,11,127,47,76,4
2019-01-23,5.78.198.88,15,30,23,7,0
2019-01-23,173.249.54.102,14,27,0,11,16
2019-01-23,91.99.72.54,18,16,0,16,0
2019-01-23,54.36.148.54,15,2,2,0,0
2019-01-23,31.56.96.75,3,258,90,97,71
2019-01-23,66.111.54.275,5,281,124,116,41
2019-01-23,54.36.149.87,3,5,5,0,0
2019-01-23,54.36.149.117,4,9,0,0,9
2019-01-23,54.36.148.149,11,22,0,22,0
2019-01-22,104.194.24.39,9,13,13,0,0
2019-01-22,5.112.52.268,17,5,4,0,1
2019-01-22,54.36.149.79,12,5,0,0,5
2019-01-23,157.55.39.269,3,23,16,7,0
2019-01-22,89.199.193.270,22,3,0,0,3
2019-01-23,207.46.13.147,11,31,26,5,0
2019-01-22,5.160.157.23,6,19,5,14,0
2019-01-22,40.77.167.136,10,169,77,13,79
2019-01-22,5.160.157.26,9,12,0,11,1
2019-01-22,54.36.148.170,12,1,1,0,0
2019-01-23,54.36.149.41,3,21,0,21,0
2019-01-22,54.36.148.30,23,1,0,1,0
2019-01-22,54.36.148.51,22,1,0,0,1
2019-01-23,66.111.54.290,20,2,2,0,0
2019-01-23,46.224.77.68,15,7,0,7,0
2019-01-22,207.46.13.122,10,62,37,17,8
2019-01-22,54.36.148.236,7,7,7,0,0
2019-01-22,5.209.200.231,16,177,65,47,65
2019-01-22,66.111.54.264,18,395,209,120,66
2019-01-22,157.55.39.265,23,23,16,6,1
2019-01-23,207.46.13.174,17,2,0,2,0
2019-01-23,178.253.33.80,8,22,3,0,19
2019-01-23,54.36.149.52,14,2,2,0,0
2019-01-22,17.58.102.44,4,19,0,2,17
2019-01-22,40.77.167.133,7,121,38,20,63
2019-01-22,172.20.2.178,7,10,10,0,0
2019-01-22,173.249.54.83,19,69,18,27,24
2019-01-22,172.20.2.187,16,4,4,0,0
2019-01-23,66.249.66.113,1,175,29,77,69
2019-01-23,2.179.141.120,1,46,8,32,6
2019-01-23,207.46.13.173,16,18,0,0,18
2019-01-22,54.36.148.36,22,2,2,0,0
2019-01-23,66.249.66.125,13,80,30,21,29
2019-01-23,40.77.167.166,16,11,8,2,1
2019-01-23,54.36.149.56,0,20,20,0,0
2019-01-23,54.36.148.260,7,15,15,0,0
2019-01-22,54.36.148.239,10,19,0,0,19
2019-01-23,5.78.180.108,12,2,2,0,0
2019-01-22,54.36.148.20,5,11,0,0,11
2019-01-22,104.194.24.37,7,6,0,6,0
2019-01-22,207.46.13.111,10,60,30,21,9
2019-01-22,54.36.149.49,11,14,14,0,0
2019-01-23,5.211.97.72,12,165,63,11,91
2019-01-22,54.36.148.129,15,17,17,0,0
2019-01-23,2.179.141.129,10,80,20,55,5
2019-01-23,54.36.149.68,6,3,0,0,3
2019-01-22,54.36.148.16,9,9,9,0,0
2019-01-22,207.46.13.149,16,110,40,47,23
2019-01-22,5.78.180.90,18,7,0,7,0
2019-01-22,207.46.13.133,21,90,15,64,11
2019-01-22,54.36.148.48,19,3,3,0,0
2019-01-23,40.77.167.157,7,98,29,20,49
2019-01-22,5.160.157.37,20,38,0,0,38
2019-01-23,54.36.148.187,5,6,0,6,0
2019-01-23,5.211.97.71,11,178,88,30,60
2019-01-23,5.209.200.248,9,119,56,28,35
2019-01-23,54.36.148.55,2,8,0,0,8
2019-01-23,5.78.198.93,20,28,13,15,0
2019-01-23,54.36.148.151,13,1,0,0,1
2019-01-22,34.247.132.59,9,7,0,0,7
2019-01-22,172.20.2.184,13,7,7,0,0
2019-01-22,54.36.149.99,10,1,0,0,1
2019-01-22,173.249.54.86,22,114,1,107,6
2019-01-23,157.55.39.278,12,23,23,0,0
2019-01-23,34.247.132.79,5,2,2,0,0
2019-01-22,5.78.180.76,4,5,0,0,5
2019-01-22,207.46.13.125,13,50,8,4,38
2019-01-22,54.36.149.97,8,28,28,0,0
2019-01-22,5.112.52.260,9,3,0,3,0
2019-01-22,40.77.167.145,19,80,1,69,10
2019-01-23,54.36.148.53,0,14,0,14,0
2019-01-23,89.199.193.276,4,10,0,0,10
2019-01-23,54.36.148.192,10,11,0,11,0
2019-01-22,173.249.54.69,5,54,46,8,0
2019-01-22,157.55.39.255,13,41,16,25,0
2019-01-22,5.112.52.263,12,20,14,0,6
2019-01-22,54.36.149.102,13,9,0,9,0
2019-01-22,54.36.149.85,18,10,0,0,10
2019-01-23,54.36.149.89,5,8,8,0,0
2019-01-22,54.36.149.61,23,29,0,0,29
2019-01-23,54.36.148.33,2,12,0,12,0
2019-01-23,5.112.52.282,7,2,1,0,1
2019-01-23,54.36.148.112,4,4,0,4,0
2019-01-23,51.15.15.86,11,3,0,3,0
2019-01-22,66.111.54.254,8,402,76,202,124
2019-01-22,2.177.12.148,11,139,34,32,73
2019-01-22,5.211.97.56,20,334,58,140,136
2019-01-22,2.179.141.112,17,60,28,16,16
2019-01-23,5.211.97.61,1,417,154,135,128
2019-01-23,66.111.54.278,8,271,83,65,123
2019-01-22,54.36.149.48,16,18,0,0,18
2019-01-23,66.249.66.228,13,147,63,35,49
2019-01-23,54.36.148.147,9,13,0,13,0
2019-01-22,178.253.33.58,10,74,20,15,39
2019-01-22,66.111.54.262,16,341,106,104,131
2019-01-22,54.36.149.77,10,37,37,0,0
2019-01-22,54.36.148.25,18,2,0,2,0
2019-01-23,178.253.33.75,3,27,9,7,11
2019-01-23,66.111.54.281,11,133,14,75,44
2019-01-23,66.111.54.283,13,56,0,47,9
2019-01-23,2.177.12.175,14,48,5,0,43
2019-01-23,51.15.15.84,9,22,0,0,22
2019-01-23,178.253.33.90,18,2,2,0,0
2019-01-22,207.46.13.142,9,97,19,0,78
2019-01-22,5.160.157.25,8,7,7,0,0
2019-01-22,173.249.54.80,16,44,4,23,17
2019-01-22,104.194.24.46,16,3,3,0,0
2019-01-22,51.15.15.69,18,2,0,2,0
2019-01-23,104.194.24.64,10,4,0,4,0
2019-01-23,54.36.148.37,6,5,0,5,0
2019-01-22,178.253.33.51,3,67,67,0,0
2019-01-22,54.36.148.38,9,4,0,4,0
2019-01-22,51.15.15.70,19,9,0,0,9
2019-01-22,2.185.221.92,16,2,0,0,2
2019-01-22,17.58.102.62,22,21,11,10,0
2019-01-23,54.36.149.85,1,2,2,0,0
2019-01-23,46.224.77.54,1,4,0,0,4
2019-01-23,5.160.157.41,0,18,0,1,17
2019-01-23,54.36.149.118,5,7,7,0,0
2019-01-23,173.249.54.108,20,5,5,0,0
2019-01-22,54.36.148.27,12,1,0,1,0
2019-01-22,2.177.12.157,20,180,36,127,17
2019-01-22,5.211.97.59,23,248,85,93,70
2019-01-22,2.179.141.113,18,57,26,26,5
2019-01-23,2.179.141.119,0,63,18,21,24
2019-01-23,157.55.39.274,8,49,0,31,18
2019-01-22,89.199.193.251,3,1,1,0,0
2019-01-22,91.99.72.23,11,143,32,72,39
2019-01-22,204.18.198.261,16,78,26,32,20
2019-01-22,54.36.149.26,12,1,1,0,0
2019-01-23,5.211.97.65,5,304,193,63,48
2019-01-22,54.36.149.56,18,10,10,0,0
2019-01-23,5.78.198.74,1,117,34,58,25
2019-01-22,34.247.132.71,21,6,0,6,0
2019-01-23,40.77.167.172,22,5,0,0,5
2019-01-22,54.36.149.63,3,9,9,0,0
2019-01-22,5.209.200.229,14,263,53,100,110
2019-01-22,54.36.149.42,10,12,0,0,12
2019-01-22,5.160.157.30,13,33,33,0,0
2019-01-23,5.211.97.63,3,332,105,95,132
2019-01-22,5.112.52.271,20,31,1,0,30
2019-01-22,54.36.148.162,4,6,6,0,0
2019-01-22,51.15.15.55,4,2,0,2,0
2019-01-22,66.249.66.94,6,232,101,96,35
2019-01-22,54.36.149.48,10,5,0,0,5
2019-01-22,54.36.149.98,9,16,0,0,16
2019-01-23,54.36.149.62,0,8,0,0,8
2019-01-23,31.56.96.85,13,58,13,5,40
2019-01-23,5.211.97.75,15,104,4,35,65
2019-01-22,31.56.96.55,7,197,55,127,15
2019-01-22,54.36.148.172,14,11,11,0,0
2019-01-22,54.36.148.32,17,15,15,0,0
2019-01-22,46.224.77.46,17,2,0,0,2
2019-01-22,54.36.149.78,11,11,0,11,0
2019-01-23,91.99.72.45,9,74,17,28,29
2019-01-23,46.224.77.58,5,9,0,9,0
2019-01-23,5.209.200.250,11,70,29,27,14
2019-01-23,178.253.33.89,17,9,9,0,0
2019-01-22,31.56.96.66,18,211,50,73,88
2019-01-22,17.58.102.55,15,6,0,6,0
2019-01-22,178.253.33.66,18,55,13,0,42
2019-01-22,5.78.198.71,22,175,30,90,55
2019-01-23,89.199.193.273,1,16,16,0,0
2019-01-23,54.36.148.142,4,4,4,0,0
2019-01-23,207.46.13.145,9,90,65,0,25
2019-01-23,54.36.149.101,10,13,0,0,13
2019-01-22,5.209.200.219,4,225,32,76,117
2019-01-22,2.179.141.99,4,70,56,1,13
2019-01-22,5.62.206.250,4,22,22,0,0
2019-01-22,157.55.39.259,17,8,0,3,5
2019-01-23,207.46.13.159,2,131,50,71,10
2019-01-22,173.249.54.87,23,57,43,9,5
2019-01-22,2.179.141.118,23,95,0,34,61
2019-01-22,5.160.157.34,17,31,14,0,17
2019-01-22,5.112.52.274,23,23,6,0,17
2019-01-23,178.253.33.77,5,48,9,18,21
2019-01-23,2.177.12.180,19,16,8,0,8
2019-01-23,31.56.96.90,18,14,0,7,7
2019-01-24,40.77.167.174,0,3,0,3,0
2019-01-22,5.78.198.52,3,174,93,81,0
2019-01-22,5.211.97.39,3,308,266,0,42
2019-01-23,40.77.167.150,0,79,3,40,36
2019-01-22,54.36.148.49,20,30,0,30,0
2019-01-23,173.249.54.92,4,96,26,52,18
2019-01-23,2.177.12.171,10,35,1,21,13
2019-01-23,54.36.148.194,12,5,0,0,5
2019-01-22,54.36.149.92,3,9,9,0,0
2019-01-22,2.179.141.102,7,77,32,43,2
2019-01-22,5.78.180.77,5,15,15,0,0
2019-01-22,173.249.54.81,17,55,47,3,5
2019-01-23,5.209.200.244,5,174,54,105,15
2019-01-22,54.36.148.52,23,5,0,5,0
2019-01-22,54.36.148.250,21,6,0,6,0
2019-01-22,5.209.200.224,9,170,101,30,39
2019-01-22,54.36.149.44,6,6,0,6,0
2019-01-22,5.78.198.62,13,127,21,73,33
2019-01-23,207.46.13.157,0,139,5,58,76
2019-01-22,89.199.193.269,21,2,0,2,0
2019-01-23,54.36.148.139,1,8,0,0,8
2019-01-23,34.247.132.75,1,22,22,0,0
2019-01-23,2.179.141.131,12,40,16,23,1
2019-01-23,207.46.13.137,12,27,27,0,0
2019-01-23,54.36.148.52,14,2,2,0,0
2019-01-22,51.15.15.74,23,5,0,5,0
2019-01-22,54.36.148.34,19,10,0,10,0
2019-01-23,66.249.64.98,11,31,0,31,0
2019-01-23,54.36.148.109,1,24,0,24,0
2019-01-23,5.78.198.86,13,70,4,59,7
2019-01-23,2.185.221.109,9,5,0,0,5
2019-01-22,17.58.102.46,6,12,3,6,3
2019-01-22,91.99.72.21,9,93,34,49,10
2019-01-22,34.247.132.62,12,25,0,25,0
2019-01-23,2.177.12.167,6,246,82,93,71
2019-01-23,91.99.72.49,13,48,2,38,8
2019-01-23,178.253.33.95,23,3,0,3,0
2019-01-22,46.224.77.39,10,5,5,0,0
2019-01-22,54.36.148.94,10,2,0,2,0
2019-01-22,54.36.149.30,16,7,7,0,0
2019-01-22,54.36.148.176,18,3,0,0,3
2019-01-22,17.58.102.60,20,48,17,7,24
2019-01-22,172.20.2.189,18,24,0,24,0
2019-01-23,17.58.102.64,0,30,29,0,1
2019-01-23,54.36.148.138,0,2,2,0,0
2019-01-22,54.36.148.106,22,8,8,0,0
2019-01-23,104.194.24.62,8,5,5,0,0
2019-01-23,178.253.33.84,12,41,21,0,20
2019-01-23,54.36.148.59,6,15,0,15,0
2019-01-23,66.249.64.106,19,12,0,12,0
2019-01-24,66.111.54.294,0,2,0,0,2
2019-01-22,54.36.148.119,5,5,5,0,0
2019-01-22,31.56.96.57,9,142,37,70,35
2019-01-22,207.46.13.143,10,59,14,7,38
2019-01-22,2.179.141.107,12,55,27,1,27
2019-01-22,54.36.148.167,9,12,12,0,0
2019-01-22,66.249.64.83,20,3,0,0,3
2019-01-22,54.36.148.21,14,2,0,0,2
2019-01-23,5.209.200.240,1,213,37,50,126
2019-01-22,54.36.148.33,19,3,0,0,3
2019-01-23,204.18.198.272,3,72,22,20,30
2019-01-23,66.249.64.96,9,2,0,0,2
2019-01-23,66.249.66.226,11,154,73,54,27
2019-01-23,54.36.148.253,0,9,9,0,0
2019-01-23,2.185.221.105,5,22,0,22,0
2019-01-23,54.36.148.40,9,5,0,5,0
2019-01-22,5.78.180.75,3,24,24,0,0
2019-01-22,54.36.148.118,4,6,0,0,6
2019-01-22,40.77.167.134,8,169,88,81,0
2019-01-22,204.18.198.256,11,91,17,22,52
2019-01-22,66.249.66.209,18,229,83,47,99
2019-01-22,157.55.39.260,18,10,2,7,1
2019-01-22,5.78.180.89,17,5,5,0,0
2019-01-22,89.199.193.268,20,2,0,2,0
2019-01-23,54.36.148.46,7,27,0,0,27
2019-01-23,5.112.52.286,11,14,12,0,2
2019-01-22,5.211.97.50,14,332,72,170,90
2019-01-22,54.36.148.123,9,10,0,10,0
2019-01-22,66.249.66.102,14,178,79,84,15
2019-01-22,5.78.198.67,18,171,12,59,100
2019-01-22,54.36.149.83,16,8,8,0,0
2019-01-23,54.36.148.40,1,8,0,0,8
2019-01-23,91.99.72.43,7,130,68,25,37
2019-01-23,204.18.198.278,9,30,15,4,11
2019-01-23,5.78.180.104,8,1,0,0,1
2019-01-22,54.36.148.20,6,21,0,0,21
2019-01-22,31.56.96.59,11,227,85,49,93
2019-01-22,5.209.200.226,11,301,105,107,89
2019-01-22,104.194.24.47,17,5,5,0,0
2019-01-22,91.99.72.28,16,164,54,55,55
2019-01-22,2.185.221.91,15,19,0,19,0
2019-01-23,5.112.52.278,3,36,36,0,0
2019-01-23,207.46.13.138,13,7,0,0,7
2019-01-22,54.36.148.238,9,3,3,0,0
2019-01-22,54.36.149.54,16,24,24,0,0
2019-01-22,5.112.52.270,19,22,5,17,0
2019-01-23,5.78.198.82,9,82,20,47,15
2019-01-23,2.185.221.101,1,1,1,0,0
2019-01-22,54.36.148.17,3,2,2,0,0
2019-01-22,172.20.2.176,5,21,21,0,0
2019-01-22,54.36.148.234,5,7,7,0,0
2019-01-22,54.36.148.28,13,33,0,0,33
2019-01-22,66.249.64.79,16,2,2,0,0
2019-01-22,54.36.148.40,11,10,0,10,0
2019-01-23,66.249.66.215,0,279,53,148,78
2019-01-22,178.253.33.57,9,37,6,4,27
2019-01-22,51.15.15.65,14,10,0,10,0
2019-01-22,5.211.97.58,22,276,78,109,89
2019-01-23,54.36.148.32,1,2,2,0,0
2019-01-23,66.249.66.231,16,79,18,14,47
2019-01-22,17.58.102.48,8,68,0,29,39
2019-01-22,66.249.64.70,7,1,1,0,0
2019-01-23,5.211.97.60,0,347,113,151,83
2019-01-22,54.36.148.42,13,4,0,0,4
2019-01-22,5.78.180.93,21,10,0,10,0
2019-01-22,54.36.149.106,17,5,0,5,0
2019-01-23,46.224.77.59,6,10,10,0,0
2019-01-23,2.177.12.179,18,10,9,1,0
2019-01-23,5.78.180.110,14,26,0,26,0
2019-01-23,54.36.148.53,14,3,3,0,0
2019-01-22,46.224.77.42,13,16,0,0,16
2019-01-22,54.36.148.45,16,5,0,5,0
2019-01-22,207.46.13.131,19,32,9,21,2
2019-01-22,207.46.13.120,19,60,13,47,0
2019-01-23,207.46.13.136,0,73,38,7,28
2019-01-23,2.179.141.124,5,95,47,48,0
2019-01-23,54.36.148.189,7,23,0,23,0
2019-01-23,178.253.33.92,20,12,12,0,0
2019-01-22,5.209.200.223,8,238,79,109,50
2019-01-22,54.36.148.33,4,2,0,0,2
2019-01-22,54.36.149.67,7,3,0,3,0
2019-01-22,5.78.180.85,13,3,0,3,0
2019-01-22,207.46.13.135,23,88,2,57,29
2019-01-23,66.249.66.124,12,51,17,11,23
2019-01-23,31.56.96.88,16,67,2,51,14
2019-01-23,17.58.102.80,16,15,0,0,15
2019-01-23,5.160.157.44,3,11,1,0,10
2019-01-22,40.77.167.129,3,94,94,0,0
2019-01-22,66.249.66.93,5,142,73,27,42
2019-01-22,2.185.221.82,6,29,0,0,29
2019-01-22,204.18.198.258,13,61,6,51,4
2019-01-22,66.111.54.261,15,518,250,185,83
2019-01-22,2.185.221.90,14,3,0,3,0
2019-01-23,173.249.54.97,9,58,29,0,29
2019-01-23,54.36.149.43,5,4,4,0,0
2019-01-23,54.36.148.111,3,5,0,5,0
2019-01-23,207.46.13.140,15,1,0,1,0
2019-01-22,2.177.12.144,7,270,61,28,181
2019-01-22,207.46.13.110,9,39,10,17,12
2019-01-22,204.18.198.262,17,82,35,33,14
2019-01-22,54.36.149.29,15,2,2,0,0
2019-01-22,54.36.148.22,15,8,0,0,8
2019-01-22,172.20.2.191,20,3,3,0,0
2019-01-22,34.247.132.73,23,2,0,0,2
2019-01-22,204.18.198.253,8,62,29,7,26
2019-01-22,2.185.221.88,12,1,0,1,0
2019-01-22,46.224.77.48,19,1,0,1,0
2019-01-23,54.36.148.188,6,1,0,1,0
2019-01-23,207.46.13.136,11,21,0,21,0
2019-01-23,5.211.97.73,13,175,76,25,74
2019-01-22,66.249.66.92,4,236,58,103,75
2019-01-22,66.249.66.104,16,268,35,84,149
2019-01-22,5.209.200.234,19,165,36,59,70
2019-01-22,54.36.148.34,20,39,0,0,39
2019-01-23,91.99.72.40,4,212,36,126,50
2019-01-23,54.36.148.141,3,7,0,7,0
2019-01-23,91.99.72.53,17,44,31,0,13
2019-01-23,2.179.141.134,15,8,8,0,0
2019-01-23,34.247.132.81,7,2,2,0,0
2019-01-22,207.46.13.138,5,149,28,91,30
2019-01-22,2.179.141.100,5,30,14,6,10
2019-01-22,104.194.24.38,8,6,6,0,0
2019-01-22,2.177.12.160,23,170,64,24,82
2019-01-23,40.77.167.152,2,105,56,32,17
2019-01-23,104.194.24.61,7,3,3,0,0
2019-01-23,104.194.24.71,17,19,0,19,0
2019-01-23,5.62.206.272,2,2,2,0,0
2019-01-22,173.249.54.72,8,40,15,16,9
2019-01-22,2.185.221.83,7,7,0,7,0
2019-01-23,54.36.148.185,3,5,5,0,0
2019-01-23,31.56.96.83,11,115,63,50,2
2019-01-23,54.36.148.258,5,1,0,1,0
2019-01-22,207.46.13.118,6,79,31,29,19
2019-01-22,54.36.148.99,15,36,0,0,36
2019-01-22,54.36.149.46,14,23,0,23,0
2019-01-23,54.36.149.42,4,22,22,0,0
2019-01-23,66.111.54.285,15,33,0,27,6
2019-01-23,173.249.54.105,17,8,8,0,0
2019-01-23,5.160.157.45,4,13,7,0,6
2019-01-22,54.36.149.41,9,20,20,0,0
2019-01-22,54.36.149.77,17,24,24,0,0
2019-01-22,54.36.149.81,21,31,31,0,0
2019-01-23,173.249.54.89,1,97,74,0,23
2019-01-23,66.249.66.115,3,216,31,18,167
2019-01-23,31.56.96.89,17,32,11,14,7
2019-01-23,31.56.96.91,19,21,8,8,5
2019-01-23,5.78.198.94,21,12,9,3,0
2019-01-23,178.253.33.94,22,1,1,0,0
2019-01-22,66.111.54.253,7,501,167,123,211
2019-01-22,178.253.33.59,11,70,8,45,17
2019-01-22,54.36.148.21,6,20,0,0,20
2019-01-23,104.194.24.58,4,13,13,0,0
2019-01-23,31.56.96.82,10,126,10,84,32
2019-01-23,5.78.198.84,11,77,40,35,2
2019-01-22,66.249.66.197,6,257,71,37,149
2019-01-22,66.249.66.202,11,347,83,139,125
2019-01-22,2.179.141.105,10,55,5,44,6
2019-01-22,2.177.12.150,13,162,67,23,72
2019-01-22,54.36.148.242,13,48,0,48,0
2019-01-23,31.56.96.73,1,222,88,69,65
2019-01-23,207.46.13.167,10,42,10,17,15
2019-01-23,54.36.148.48,9,9,9,0,0
2019-01-22,207.46.13.152,19,136,52,47,37
2019-01-22,157.55.39.261,19,23,1,8,14
2019-01-22,54.36.149.44,12,11,11,0,0
2019-01-22,54.36.148.131,17,7,7,0,0
2019-01-23,66.249.66.218,3,271,60,89,122
2019-01-23,5.211.97.68,8,203,103,65,35
2019-01-23,54.36.148.40,2,11,0,0,11
2019-01-23,178.253.33.83,11,51,0,20,31
2019-01-23,5.112.52.281,6,10,4,6,0
2019-01-22,54.36.148.88,4,5,5,0,0
2019-01-22,51.15.15.60,9,2,0,0,2
2019-01-22,5.62.206.259,13,12,12,0,0
2019-01-22,5.78.198.69,20,170,113,21,36
2019-01-23,66.249.64.89,2,1,1,0,0
2019-01-22,54.36.149.55,17,3,3,0,0
2019-01-23,207.46.13.125,0,49,0,30,19
2019-01-23,207.46.13.129,4,52,9,33,10
2019-01-23,173.249.54.96,8,30,8,22,0
2019-01-22,54.36.148.251,22,1,1,0,0
2019-01-23,66.249.66.123,11,75,33,27,15
2019-01-23,54.36.149.119,6,6,0,6,0
2019-01-22,172.20.2.175,4,4,0,4,0
2019-01-22,54.36.148.126,12,19,0,19,0
2019-01-22,54.36.149.46,8,2,0,2,0
2019-01-22,178.253.33.64,16,109,0,74,35
2019-01-22,17.58.102.56,16,66,54,0,12
2019-01-22,178.253.33.68,20,106,35,44,27
2019-01-22,54.36.148.101,17,20,0,0,20
2019-01-22,46.224.77.51,22,10,0,0,10
2019-01-22,54.36.148.27,20,5,0,0,5
2019-01-23,54.36.149.96,12,2,0,0,2
2019-01-23,54.36.149.120,7,6,0,0,6
2019-01-23,40.77.167.173,23,11,0,0,11
2019-01-22,172.20.2.174,3,1,1,0,0
2019-01-22,66.249.66.195,4,269,114,54,101
2019-01-22,5.112.52.255,4,21,21,0,0
2019-01-22,5.78.198.59,10,145,12,26,107
2019-01-22,172.20.2.179,8,3,3,0,0
2019-01-22,54.36.149.45,7,19,0,19,0
2019-01-22,31.56.96.71,23,193,9,96,88
2019-01-22,54.36.149.82,15,2,0,2,0
2019-01-22,54.36.148.50,21,20,0,20,0
2019-01-23,207.46.13.139,3,37,0,10,27
2019-01-23,2.177.12.174,13,60,9,38,13
2019-01-22,40.77.167.135,9,77,42,9,26
2019-01-22,34.247.132.63,13,30,30,0,0
2019-01-22,91.99.72.33,21,101,43,16,42
2019-01-23,46.224.77.55,2,1,1,0,0
2019-01-22,66.249.66.101,13,275,107,81,87
2019-01-22,54.36.148.96,12,6,0,6,0
2019-01-22,5.78.180.88,16,2,2,0,0
2019-01-23,2.177.12.168,7,135,50,33,52
2019-01-23,91.99.72.46,10,144,42,55,47
2019-01-23,89.199.193.280,8,28,0,0,28
2019-01-22,54.36.149.42,4,1,0,0,1
2019-01-22,46.224.77.35,6,9,0,0,9
2019-01-22,89.199.193.257,9,18,0,18,0
2019-01-22,5.209.200.230,15,222,55,144,23
2019-01-22,54.36.148.128,14,16,0,0,16
2019-01-22,54.36.148.177,19,1,1,0,0
2019-01-22,2.179.141.114,19,56,13,32,11
2019-01-23,5.209.200.241,2,330,175,68,87
2019-01-23,31.56.96.78,6,242,81,77,84
2019-01-23,54.36.148.195,13,1,1,0,0
2019-01-23,104.194.24.68,14,2,0,2,0
2019-01-23,54.36.148.47,8,14,0,0,14
